branch,species,species_code,grain,bio18,bio04,bio10,bio19,bedrock,TPI,dem_sd,northness,eastness,slope,TRI,landcover,bio14,bio06,bio12,depth_to_bedrock,dem_range,HLI,soil_water_cap,TWI,aspect,bio07
recent_extrapol_weights_all_selected,Gentiana dinarica,GD,100,14.781441499014106,14.491229079940194,14.219381320204171,12.438598254260949,12.034705325605783,9.713665473677727,8.420915495602351,7.443895154092006,6.456168397602716,NA,NA,NA,NA,NA,NA,NA,NA,NA,NA,NA,NA,NA
recent_extrapol_weights_all_selected,Gentiana dinarica,GD,1000,12.90720199308656,13.772388526195051,13.058453022089678,14.965415754493542,8.012242762796488,11.316733589290063,6.520399354647041,3.9228215978890093,5.891468983212021,9.63287441630056,NA,NA,NA,NA,NA,NA,NA,NA,NA,NA,NA,NA
recent_extrapol_weights_all_selected,Gentiana dinarica,GD,200,15.31671859164414,12.910591922547649,15.791202609794947,14.109673207418915,9.169541856662368,7.519157981842101,13.728326189288362,6.264807420305009,5.189980220496518,NA,NA,NA,NA,NA,NA,NA,NA,NA,NA,NA,NA,NA
recent_extrapol_weights_all_selected,Gentiana dinarica,GD,500,12.897380536345812,14.598837003252402,12.193225715876164,13.063262835853607,10.036943060670414,13.668044025450445,8.65284293717488,8.55263362453874,6.336830260837538,NA,NA,NA,NA,NA,NA,NA,NA,NA,NA,NA,NA,NA
recent_extrapol_weights_all_selected,Gentiana tergestina,GT,100,16.948764082411937,13.014721065865661,14.62912043038685,10.644599294235988,13.380786206718248,7.557868412833225,7.217587408407063,9.592576675688429,7.013976423452601,NA,NA,NA,NA,NA,NA,NA,NA,NA,NA,NA,NA,NA
recent_extrapol_weights_all_selected,Gentiana tergestina,GT,1000,19.208775634739055,7.543855212066964,13.827837402838597,8.075201023940519,9.166531103418002,8.454287432890792,8.890962886491998,10.27984741178239,6.188213687939228,8.364488203892458,NA,NA,NA,NA,NA,NA,NA,NA,NA,NA,NA,NA
recent_extrapol_weights_all_selected,Gentiana tergestina,GT,200,16.24151575093869,14.517491240120437,14.75534859314926,11.743369144314501,12.799468267519693,7.6408473534397645,7.071923329462162,8.883283641869246,6.346752679186244,NA,NA,NA,NA,NA,NA,NA,NA,NA,NA,NA,NA,NA
recent_extrapol_weights_all_selected,Gentiana tergestina,GT,500,17.079172736578204,6.983902255461624,16.833047143490617,11.911924920007534,11.20029888778278,10.318440276860752,6.274892949905546,11.4935819157773,7.904738914135644,NA,NA,NA,NA,NA,NA,NA,NA,NA,NA,NA,NA,NA
recent_extrapol_weights_all_selected,Primula kitaibeliana,PK,100,11.720635656080216,13.659441005932734,15.069806249412087,14.245835108179772,12.005348769161563,9.801530493468663,8.907375062996534,7.543906976648729,7.0461206781196966,NA,NA,NA,NA,NA,NA,NA,NA,NA,NA,NA,NA,NA
recent_extrapol_weights_all_selected,Primula kitaibeliana,PK,1000,6.913551262303259,9.819793014215485,14.786916520323173,14.157467496324719,12.058406635376329,10.455775152115113,6.2341433616987265,6.48062208338155,6.948424588841546,7.406476327631455,4.738423557788652,NA,NA,NA,NA,NA,NA,NA,NA,NA,NA,NA
recent_extrapol_weights_all_selected,Primula kitaibeliana,PK,200,11.729759041497783,11.839454383518595,13.824932669633776,15.212326692023433,12.792894435593658,10.39595988481563,9.097119843882465,8.024949369177968,7.082603679856692,NA,NA,NA,NA,NA,NA,NA,NA,NA,NA,NA,NA,NA
recent_extrapol_weights_all_selected,Primula kitaibeliana,PK,500,9.026142337356848,7.423735060652572,17.309285915773952,15.632854696541512,12.497885462813537,7.570237506957447,7.536420863012119,7.83322481063088,7.425241617249648,7.744971729011489,NA,NA,NA,NA,NA,NA,NA,NA,NA,NA,NA,NA
recent_extrapol_weights_all_selected,Phyteuma orbiculare,PO,100,8.781207959310274,14.538318308098619,15.001155373415772,15.298159613198239,8.362017849545243,11.032080235597723,10.316266569502835,7.560888845375484,9.109905245955813,NA,NA,NA,NA,NA,NA,NA,NA,NA,NA,NA,NA,NA
recent_extrapol_weights_all_selected,Phyteuma orbiculare,PO,1000,9.332933133338415,12.2769610660136,13.928945546006899,17.63148870232155,8.226695377650696,11.26339166951559,8.735594092757461,6.370995107235146,5.869154172665084,6.363841132495559,NA,NA,NA,NA,NA,NA,NA,NA,NA,NA,NA,NA
recent_extrapol_weights_all_selected,Phyteuma orbiculare,PO,200,9.057753850199932,11.43196631440773,14.33444779341135,18.10293199586069,7.795200107522876,10.132574180901129,9.959664103966489,8.001901904426488,11.183559749303317,NA,NA,NA,NA,NA,NA,NA,NA,NA,NA,NA,NA,NA
recent_extrapol_weights_all_selected,Phyteuma orbiculare,PO,500,10.803547458418667,12.823866894092447,15.081350433544236,19.307882945107064,7.738661299011802,9.932662569126311,7.535303827188383,8.857157970549267,7.919566602961825,NA,NA,NA,NA,NA,NA,NA,NA,NA,NA,NA,NA,NA
recent_extrapol_weights_all_selected,Phyteuma pseudorbiculare,PP,100,17.13205806092286,14.65046360009357,16.036335626702687,14.22615728992391,8.674325490781566,7.518933767537225,7.344539827529899,6.889229006235525,7.527957330272753,NA,NA,NA,NA,NA,NA,NA,NA,NA,NA,NA,NA,NA
recent_extrapol_weights_all_selected,Phyteuma pseudorbiculare,PP,1000,15.39106987178784,10.838892214037134,14.277758202735132,15.86348502975427,7.882725173962009,8.656023766618967,8.523986786683249,5.027718882473382,7.104089566665904,6.434250505282114,NA,NA,NA,NA,NA,NA,NA,NA,NA,NA,NA,NA
recent_extrapol_weights_all_selected,Phyteuma pseudorbiculare,PP,200,17.358973768871095,15.453904595192865,14.794316270198147,15.784601349655286,8.472377146092356,7.614578035796277,6.001366231537223,6.776157619603959,7.743724983052802,NA,NA,NA,NA,NA,NA,NA,NA,NA,NA,NA,NA,NA
recent_extrapol_weights_all_selected,Phyteuma pseudorbiculare,PP,500,18.91324531872116,11.376585439197326,17.79286658592347,16.957463547167542,8.58322802588557,6.661190679033361,6.283564245362459,6.5646830773800975,6.86717308132902,NA,NA,NA,NA,NA,NA,NA,NA,NA,NA,NA,NA,NA
recent_extrapol_weights_all_selected,Saxifraga blavii,SB,100,10.810892673641208,10.255405638318441,21.66677893847375,13.874516469909587,10.235942607889989,8.165462161398585,7.31410000709465,8.252033887311903,9.424867615961881,NA,NA,NA,NA,NA,NA,NA,NA,NA,NA,NA,NA,NA
recent_extrapol_weights_all_selected,Saxifraga blavii,SB,1000,12.840063641630895,6.949989786692741,23.80837264218005,11.453875530307666,11.075783958918016,6.858822308680128,6.13007371908906,6.026869778453587,7.540689464736575,7.315459169311287,NA,NA,NA,NA,NA,NA,NA,NA,NA,NA,NA,NA
recent_extrapol_weights_all_selected,Saxifraga blavii,SB,200,11.380951673412861,8.920391356989905,23.733863699521578,18.93624566646059,8.476774358800274,8.182758989953548,6.634417008564242,7.14568219998447,6.588915046312533,NA,NA,NA,NA,NA,NA,NA,NA,NA,NA,NA,NA,NA
recent_extrapol_weights_all_selected,Saxifraga blavii,SB,500,13.403190722023577,9.20059343239658,22.138645576434154,12.907721635085414,10.492022802615155,5.943492755633272,8.746465733876812,8.769473532478225,8.398393809456804,NA,NA,NA,NA,NA,NA,NA,NA,NA,NA,NA,NA,NA
recent_noextrapol_weights_all_selected,Gentiana dinarica,GD,100,NA,NA,NA,NA,8.151504211917114,6.5635036567838,NA,4.799309723719625,NA,NA,NA,11.201024496163166,10.798162485412242,10.534977125604831,9.610940610669775,9.101734477652347,7.042960778058864,6.393789797452904,6.056274945895455,5.636872946838578,4.108944743831305,NA
recent_noextrapol_weights_all_selected,Gentiana dinarica,GD,1000,NA,9.958249967080452,NA,NA,5.267746839089474,7.318531990422858,NA,3.1648924123031574,4.466023175233109,NA,6.383991293003071,4.4830294597640306,11.74250744833569,10.263130674070714,12.184078328851122,9.415307104028296,NA,3.508704539556299,6.849062490130789,4.99474427813094,NA,NA
recent_noextrapol_weights_all_selected,Gentiana dinarica,GD,200,NA,NA,NA,NA,5.77740326840552,4.451196640070548,NA,3.6437886141589706,3.8901260934349993,NA,NA,11.164443021309621,11.733108240905473,9.665472649921515,10.266006147018109,8.540512278953942,7.400727245570383,5.680857393144825,7.71417255194552,4.817167911675897,NA,5.255017943484677
recent_noextrapol_weights_all_selected,Gentiana dinarica,GD,500,NA,NA,NA,NA,6.8880199140959695,NA,NA,5.838169287163282,4.19570764538006,NA,NA,7.284722607331778,10.99934239226424,9.503955188528595,9.712751769382473,7.66752196355808,6.529049844297971,6.757044897085613,6.94726078876549,8.369521724384503,NA,9.306931977761947
recent_noextrapol_weights_all_selected,Gentiana tergestina,GT,100,NA,NA,NA,NA,11.876195897803479,NA,NA,8.208278907807317,5.42580148931117,NA,NA,13.281857787489281,13.793510733070963,9.629640506932743,10.316402883789433,NA,6.254065538745712,6.232589634723482,8.533050844698897,6.448605775627522,NA,NA
recent_noextrapol_weights_all_selected,Gentiana tergestina,GT,1000,NA,5.883426190884335,NA,NA,7.5798130745943615,6.273984308476008,NA,8.296605934902885,4.018294896010963,NA,NA,4.556873231588003,11.6148092950904,6.943148580468862,11.815773007524468,3.2449206045068633,7.2605948578150254,7.147169083371112,8.383848171400347,6.980738763366366,NA,NA
recent_noextrapol_weights_all_selected,Gentiana tergestina,GT,200,NA,10.307134806516173,NA,NA,8.75000469007039,NA,NA,6.179699760345628,4.723960879442342,NA,NA,10.354271943040821,11.53339378955643,8.431799651205823,10.019414383424085,4.816222230685135,5.1139038487596284,6.44979752706027,6.889736112932286,6.430660376960991,NA,NA
recent_noextrapol_weights_all_selected,Gentiana tergestina,GT,500,NA,NA,NA,NA,9.802821974800509,NA,NA,10.084126973347468,5.905303603503109,NA,NA,14.712974440809615,9.497774211729237,6.895172081292136,14.020177901028813,2.93705077761237,4.494397166471935,6.0705193241414035,9.020219332496012,6.559462212767389,NA,NA
recent_noextrapol_weights_all_selected,Primula kitaibeliana,PK,100,NA,NA,NA,NA,NA,NA,NA,5.77154732633018,5.709418420101317,NA,NA,8.30640887324779,14.43866655731819,15.708132604038324,13.294546834274499,10.589396775606403,6.546807001020982,5.666595365380152,7.377148389580201,6.591331853101972,NA,NA
recent_noextrapol_weights_all_selected,Primula kitaibeliana,PK,1000,NA,6.416753021987798,NA,NA,8.322092353912241,6.931858344363123,NA,5.527930092450598,4.682975931813109,NA,NA,7.795908365940213,8.895014491365185,11.408324446954879,8.304785647161998,6.7129821756079595,6.672447389128538,6.356503794989542,5.88602347008359,6.086400474241225,NA,NA
recent_noextrapol_weights_all_selected,Primula kitaibeliana,PK,200,NA,8.847530299441866,NA,NA,8.52061751001393,NA,NA,5.134653955967929,4.395050680676007,NA,NA,6.889544132669926,12.23549455622165,10.719731888929706,11.230512014848609,9.681650840194248,6.148686691516934,5.049587841632161,5.4489678862390045,5.697971701648037,NA,NA
recent_noextrapol_weights_all_selected,Primula kitaibeliana,PK,500,NA,NA,NA,NA,9.454767736280841,NA,NA,5.93503455418782,6.5499232830855805,NA,NA,9.886585311398862,9.799426345024193,14.28441436985671,11.58785696464358,6.288916800556294,6.464244010332791,5.8191580969086365,6.5749874882239725,7.354685039500724,NA,NA
recent_noextrapol_weights_all_selected,Phyteuma orbiculare,PO,100,NA,NA,NA,NA,5.258609897188224,7.699271563408015,NA,5.606187426878383,NA,NA,NA,8.927419707457886,6.9870235227721,12.516281424837047,11.571601521964837,6.971344484381303,8.201143324228772,5.336391957068127,5.678941612915459,8.748390166030685,6.497393390869161,NA
recent_noextrapol_weights_all_selected,Phyteuma orbiculare,PO,1000,NA,11.047251134653223,NA,NA,5.7549526190102265,8.405485732095745,NA,4.315189189255389,3.9945501235926004,NA,6.411944585304709,11.363434677232508,5.349588718230146,11.235858021904074,12.85558788480006,3.3475468557252217,NA,4.987718888488297,6.126379429968135,4.804512139739668,NA,NA
recent_noextrapol_weights_all_selected,Phyteuma orbiculare,PO,200,NA,NA,NA,NA,4.785781609673342,7.122469022102178,NA,4.9078730060942855,8.266896005419063,NA,NA,9.237006878425408,4.332124858627829,11.37946218931365,11.42434991413853,7.16150888070999,8.559117806208283,3.946236477482322,5.746891551915421,7.067624675541238,NA,6.062657124348459
recent_noextrapol_weights_all_selected,Phyteuma orbiculare,PO,500,NA,NA,NA,NA,5.218651299040304,NA,NA,7.126882144318227,5.223884342405107,NA,NA,12.055179862440694,6.510620048780807,11.548789657871646,16.123790560866755,6.093315806051329,5.65776828588904,6.200383810109164,7.294873308646791,3.5308292170481717,NA,7.415031656531969
recent_noextrapol_weights_all_selected,Phyteuma pseudorbiculare,PP,100,NA,NA,NA,NA,7.029245927848554,5.017214219375092,NA,4.375681466151546,NA,NA,NA,11.82888442953484,14.635615483364866,14.498843594162796,10.91339305303561,6.068229625554769,4.806007479566771,6.670643965334361,4.880208437301023,4.749201897981266,4.526830420788505,NA
recent_noextrapol_weights_all_selected,Phyteuma pseudorbiculare,PP,1000,NA,8.0452978958962,NA,NA,5.719171798325505,6.546796750063579,NA,2.768227468673245,4.860058702900688,NA,6.560563581322349,8.052060067614166,10.44604147773747,11.046657671669829,11.99467857186694,5.426389236280376,NA,4.521576732310336,8.411633603902413,5.60084644143691,NA,NA
recent_noextrapol_weights_all_selected,Phyteuma pseudorbiculare,PP,200,NA,NA,NA,NA,5.823144325698096,4.614750869202249,NA,4.04013229839317,5.198497157179525,NA,NA,8.668749740466207,13.426180089054116,12.134581529890134,10.45918817775846,7.703784351672617,3.213735582264416,4.306750453686854,4.9829320693881725,5.185857449132176,NA,10.241715906213807
recent_noextrapol_weights_all_selected,Phyteuma pseudorbiculare,PP,500,NA,NA,NA,NA,6.397924023147611,NA,NA,3.490305079484509,3.8917284412772446,NA,NA,11.086148707931944,9.073437318691537,12.608219758868072,9.975393980026986,8.71729090923938,5.6967251361688485,7.42085398157371,9.321580760474465,4.524090090071348,NA,7.796301813044342
recent_noextrapol_weights_all_selected,Saxifraga blavii,SB,100,NA,NA,NA,NA,8.206823288106113,5.575645099172742,NA,5.4235682286841,NA,NA,NA,13.119701518438747,4.94685980888049,14.789599194152759,9.937107124095728,6.345421029485679,6.266295692660193,6.693518841854286,7.647674719933006,5.225675763527952,5.822109691008213,NA
recent_noextrapol_weights_all_selected,Saxifraga blavii,SB,1000,NA,5.3129814335046275,NA,NA,8.923853756885737,4.817005689945923,NA,4.0410902983712065,4.771432989556047,NA,5.042106131750961,11.93160757573319,8.573982000563989,16.12109337085797,9.577089579331954,5.731942130643242,NA,4.36311080518801,6.111000902316597,4.681703335350547,NA,NA
recent_noextrapol_weights_all_selected,Saxifraga blavii,SB,200,NA,NA,NA,NA,5.742711113594612,5.210021136955001,NA,4.23171079865868,3.329809885147316,NA,NA,10.963338815132712,7.842563445078486,14.920213923162429,10.107883983372155,5.95102338114009,4.516802888420955,4.417682799549852,7.834656303261693,4.633077498410487,NA,10.298504028115527
recent_noextrapol_weights_all_selected,Saxifraga blavii,SB,500,NA,NA,NA,NA,7.580261196535508,NA,NA,5.512038056617439,5.257929587417971,NA,NA,12.227169709216906,7.594951822080673,13.80547577948595,9.93560030619793,5.6369708857365985,6.328892853139817,6.277431021870572,6.273228828761209,5.124189067026394,NA,8.445860885913044
recent_noextrapol_weights_common,Gentiana dinarica,GD,100,NA,NA,NA,NA,9.999401498291096,NA,NA,6.47631464148704,NA,NA,NA,13.22312575101196,12.329898438297453,12.390897818366211,11.085173061649337,11.180656462205931,NA,8.357218738701194,7.55320761563381,7.404105974355976,NA,NA
recent_noextrapol_weights_common,Gentiana dinarica,GD,1000,NA,NA,NA,NA,7.518118549745949,NA,NA,4.706870919792451,NA,NA,NA,6.783335237755781,15.657420953913,14.274454592103108,16.076429594836974,13.052389382274118,NA,4.960378150349096,9.91043203480345,7.060170584426069,NA,NA
recent_noextrapol_weights_common,Gentiana dinarica,GD,200,NA,NA,NA,NA,7.758917586247921,NA,NA,5.384911518901442,NA,NA,NA,14.026596153036477,13.896563017888017,11.774133492004953,12.111070258618945,10.629614813724677,NA,8.139396064839348,9.60941755522236,6.669379539515864,NA,NA
recent_noextrapol_weights_common,Gentiana dinarica,GD,500,NA,NA,NA,NA,8.691738388216992,NA,NA,7.832332944857382,NA,NA,NA,9.391478729075539,13.256936180768959,11.621757461762678,11.8296665238846,9.61961641200916,NA,8.626258039999826,8.770831601845593,10.359383717579268,NA,NA
recent_noextrapol_weights_common,Gentiana tergestina,GT,100,NA,NA,NA,NA,11.876195897803479,NA,NA,8.208278907807317,5.42580148931117,NA,NA,13.281857787489281,13.793510733070963,9.629640506932743,10.316402883789433,NA,6.254065538745712,6.232589634723482,8.533050844698897,6.448605775627522,NA,NA
recent_noextrapol_weights_common,Gentiana tergestina,GT,1000,NA,NA,NA,NA,9.184803574379599,NA,NA,9.845266916739149,5.301304165461981,NA,NA,5.942382785985922,12.88792749422431,8.425642923024347,13.24122636520614,NA,8.778558519376045,8.457426090627772,9.615557314731225,8.319903850243515,NA,NA
recent_noextrapol_weights_common,Gentiana tergestina,GT,200,NA,NA,NA,NA,10.206015715505611,NA,NA,7.473687867785299,5.756307582504805,NA,NA,12.257646230943735,13.482596314482892,9.656864483857056,11.456957137146038,NA,6.219864683232283,7.85450310607527,7.986244305577435,7.649312572889581,NA,NA
recent_noextrapol_weights_common,Gentiana tergestina,GT,500,NA,NA,NA,NA,10.10032947962575,NA,NA,10.468032335143858,6.282367913973276,NA,NA,15.071833630145523,9.82076928348178,7.215922561940811,13.721022405923591,NA,4.823167061594404,6.41704201676956,9.124521426211517,6.954991885189927,NA,NA
recent_noextrapol_weights_common,Primula kitaibeliana,PK,100,NA,NA,NA,NA,NA,NA,NA,5.77154732633018,5.709418420101317,NA,NA,8.30640887324779,14.43866655731819,15.708132604038324,13.294546834274499,10.589396775606403,6.546807001020982,5.666595365380152,7.377148389580201,6.591331853101972,NA,NA
recent_noextrapol_weights_common,Primula kitaibeliana,PK,1000,NA,NA,NA,NA,NA,NA,NA,7.231156668139617,5.745534376312265,NA,NA,9.901102364421002,11.33007733012805,14.686307675515383,10.361606750601329,8.863139682217176,8.607734815068431,8.171926379214298,7.413214830083105,7.688199128299342,NA,NA
recent_noextrapol_weights_common,Primula kitaibeliana,PK,200,NA,NA,NA,NA,NA,NA,NA,5.9054836099787105,5.109549281758379,NA,NA,8.40178523861212,15.10780461733236,13.558500964162343,13.70122747028206,11.919613664901556,7.141661298558528,5.996590883655298,6.688421446363161,6.469361524395485,NA,NA
recent_noextrapol_weights_common,Primula kitaibeliana,PK,500,NA,NA,NA,NA,NA,NA,NA,6.511330495451614,7.354585139266563,NA,NA,10.856004654861952,10.433060439623256,15.9339361458771,12.51313182933092,7.227742199381608,7.047191634305418,6.583463057641498,7.480484996056425,8.059069408203658,NA,NA
recent_noextrapol_weights_common,Phyteuma orbiculare,PO,100,NA,NA,NA,NA,6.754109798219095,NA,NA,7.513053707644228,NA,NA,NA,11.60835471225921,8.587522177965923,15.936191686345765,14.565817694178126,9.134547226030547,NA,7.310166496945683,7.024604722615907,11.56563177779551,NA,NA
recent_noextrapol_weights_common,Phyteuma orbiculare,PO,1000,NA,NA,NA,NA,7.723193330907406,NA,NA,6.096772568973667,NA,NA,NA,16.86175947312268,7.019977433154631,15.811531291133601,18.778491177595892,4.8821727178121455,NA,7.023546203535689,8.887718935099127,6.9148368686651684,NA,NA
recent_noextrapol_weights_common,Phyteuma orbiculare,PO,200,NA,NA,NA,NA,6.764546744985095,NA,NA,7.15831487731032,NA,NA,NA,12.690943984739098,6.422266607083447,16.21500697953879,16.373247132444533,9.98127512235393,NA,6.019238361199181,7.4178732213081116,10.957286969037494,NA,NA
recent_noextrapol_weights_common,Phyteuma orbiculare,PO,500,NA,NA,NA,NA,6.933839699291012,NA,NA,9.129691528746376,NA,NA,NA,14.150265830337283,7.761425795643179,13.149044819620945,18.79100579229935,8.087363317559703,NA,7.930413982550763,9.046599755242536,5.020349478708859,NA,NA
recent_noextrapol_weights_common,Phyteuma pseudorbiculare,PP,100,NA,NA,NA,NA,8.8227801419695009,NA,NA,5.887311519377951,NA,NA,NA,13.239614830015892,15.627157898580005,15.732900496209542,11.887208660208639,7.675794823405416,NA,8.417983420787593,6.405678714943089,6.303569494502384,NA,NA
recent_noextrapol_weights_common,Phyteuma pseudorbiculare,PP,1000,NA,NA,NA,NA,7.98023811773948,NA,NA,4.261912325165584,NA,NA,NA,11.248667903424735,14.063331462158718,13.740411780329751,15.568297422753712,7.6186814427553955,NA,6.590947510480374,11.12744330458462,7.800068730607626,NA,NA
recent_noextrapol_weights_common,Phyteuma pseudorbiculare,PP,200,NA,NA,NA,NA,8.3058699034336,NA,NA,6.000165493163583,NA,NA,NA,11.210366242609421,16.47453777133179,14.949153833292767,12.926591243697661,9.893481184557078,NA,6.277223361721594,6.741862018745863,7.220748947446648,NA,NA
recent_noextrapol_weights_common,Phyteuma pseudorbiculare,PP,500,NA,NA,NA,NA,8.272965229825138,NA,NA,4.995396890698296,NA,NA,NA,12.898184364549534,10.686320266154686,14.423047592583792,11.46563851179457,10.80040090295998,NA,9.164929801064483,11.144478571662708,6.148637868706816,NA,NA
recent_noextrapol_weights_common,Saxifraga blavii,SB,100,NA,NA,NA,NA,9.959392048232797,NA,NA,6.919597315804915,NA,NA,NA,14.800873583539087,6.324136763033657,16.95648224828442,11.942750380342837,7.957344937004709,NA,8.918662254164252,9.049407684878757,7.171352784714573,NA,NA
recent_noextrapol_weights_common,Saxifraga blavii,SB,1000,NA,NA,NA,NA,11.039592249532019,NA,NA,6.064718765879391,NA,NA,NA,14.12748909726735,10.491116134775448,18.09961756933572,11.433171870467458,7.471050446119418,NA,6.449446509617688,8.009189106324484,6.814608250681031,NA,NA
recent_noextrapol_weights_common,Saxifraga blavii,SB,200,NA,NA,NA,NA,8.194255352377406,NA,NA,6.206687857852516,NA,NA,NA,13.512726189475918,10.047911164911694,18.540456328487803,13.171029468645939,7.556237908552441,NA,6.492530161854482,9.913253645060655,6.364911922781152,NA,NA
recent_noextrapol_weights_common,Saxifraga blavii,SB,500,NA,NA,NA,NA,9.419659749252059,NA,NA,7.315620315849461,NA,NA,NA,14.539853731342461,9.35967593833184,16.64077162802829,12.182607294927367,7.418823497684311,NA,8.168366060296291,7.965783264283306,6.988838520004613,NA,NA
