branch,species,species_code,grain,predictor,relative_contribution,relative_contribution_pct,raw_contribution,n_kept_models,n_algorithms,n_input_predictors,n_candidate_models,n_kept_models_total,n_kept_algorithms,sum_effective_model_weights,source_file
recent_noextrapol_weights_common,Gentiana dinarica,GD,100,landcover,0.1322312575101196,13.22312575101196,0.1322312575101196,45,5,10,270,223,5,1,/auto/brno2/brno2/zbubster/diplomka/models/ESM/recent_noextrapol_weights_common/GD/100/esm_fit_bivariate.rds
recent_noextrapol_weights_common,Gentiana dinarica,GD,100,bio06,0.1239089781836621,12.390897818366211,0.1239089781836621,45,5,10,270,223,5,1,/auto/brno2/brno2/zbubster/diplomka/models/ESM/recent_noextrapol_weights_common/GD/100/esm_fit_bivariate.rds
recent_noextrapol_weights_common,Gentiana dinarica,GD,100,bio14,0.12329898438297454,12.329898438297453,0.12329898438297454,45,5,10,270,223,5,1,/auto/brno2/brno2/zbubster/diplomka/models/ESM/recent_noextrapol_weights_common/GD/100/esm_fit_bivariate.rds
recent_noextrapol_weights_common,Gentiana dinarica,GD,100,depth_to_bedrock,0.1118065646220593,11.180656462205931,0.1118065646220593,45,5,10,270,223,5,1,/auto/brno2/brno2/zbubster/diplomka/models/ESM/recent_noextrapol_weights_common/GD/100/esm_fit_bivariate.rds
recent_noextrapol_weights_common,Gentiana dinarica,GD,100,bio12,0.11085173061649337,11.085173061649337,0.11085173061649337,45,5,10,270,223,5,1,/auto/brno2/brno2/zbubster/diplomka/models/ESM/recent_noextrapol_weights_common/GD/100/esm_fit_bivariate.rds
recent_noextrapol_weights_common,Gentiana dinarica,GD,100,bedrock,0.09999401498291095,9.999401498291096,0.09999401498291095,45,5,10,270,223,5,1,/auto/brno2/brno2/zbubster/diplomka/models/ESM/recent_noextrapol_weights_common/GD/100/esm_fit_bivariate.rds
recent_noextrapol_weights_common,Gentiana dinarica,GD,100,HLI,0.08357218738701194,8.357218738701194,0.08357218738701194,44,5,10,270,223,5,1,/auto/brno2/brno2/zbubster/diplomka/models/ESM/recent_noextrapol_weights_common/GD/100/esm_fit_bivariate.rds
recent_noextrapol_weights_common,Gentiana dinarica,GD,100,soil_water_cap,0.0755320761563381,7.55320761563381,0.0755320761563381,45,5,10,270,223,5,1,/auto/brno2/brno2/zbubster/diplomka/models/ESM/recent_noextrapol_weights_common/GD/100/esm_fit_bivariate.rds
recent_noextrapol_weights_common,Gentiana dinarica,GD,100,TWI,0.07404105974355976,7.404105974355976,0.07404105974355976,44,5,10,270,223,5,1,/auto/brno2/brno2/zbubster/diplomka/models/ESM/recent_noextrapol_weights_common/GD/100/esm_fit_bivariate.rds
recent_noextrapol_weights_common,Gentiana dinarica,GD,100,northness,0.0647631464148704,6.47631464148704,0.0647631464148704,43,5,10,270,223,5,1,/auto/brno2/brno2/zbubster/diplomka/models/ESM/recent_noextrapol_weights_common/GD/100/esm_fit_bivariate.rds
recent_noextrapol_weights_common,Gentiana dinarica,GD,1000,bio12,0.16076429594836975,16.076429594836974,0.16076429594836975,45,5,10,270,181,5,1,/auto/brno2/brno2/zbubster/diplomka/models/ESM/recent_noextrapol_weights_common/GD/1000/esm_fit_bivariate.rds
recent_noextrapol_weights_common,Gentiana dinarica,GD,1000,bio14,0.15657420953913,15.657420953913,0.15657420953913,45,5,10,270,181,5,1,/auto/brno2/brno2/zbubster/diplomka/models/ESM/recent_noextrapol_weights_common/GD/1000/esm_fit_bivariate.rds
recent_noextrapol_weights_common,Gentiana dinarica,GD,1000,bio06,0.14274454592103109,14.274454592103108,0.14274454592103109,45,5,10,270,181,5,1,/auto/brno2/brno2/zbubster/diplomka/models/ESM/recent_noextrapol_weights_common/GD/1000/esm_fit_bivariate.rds
recent_noextrapol_weights_common,Gentiana dinarica,GD,1000,depth_to_bedrock,0.13052389382274118,13.052389382274118,0.13052389382274118,44,5,10,270,181,5,1,/auto/brno2/brno2/zbubster/diplomka/models/ESM/recent_noextrapol_weights_common/GD/1000/esm_fit_bivariate.rds
recent_noextrapol_weights_common,Gentiana dinarica,GD,1000,soil_water_cap,0.09910432034803449,9.91043203480345,0.09910432034803449,45,5,10,270,181,5,1,/auto/brno2/brno2/zbubster/diplomka/models/ESM/recent_noextrapol_weights_common/GD/1000/esm_fit_bivariate.rds
recent_noextrapol_weights_common,Gentiana dinarica,GD,1000,bedrock,0.07518118549745949,7.518118549745949,0.07518118549745949,30,5,10,270,181,5,1,/auto/brno2/brno2/zbubster/diplomka/models/ESM/recent_noextrapol_weights_common/GD/1000/esm_fit_bivariate.rds
recent_noextrapol_weights_common,Gentiana dinarica,GD,1000,TWI,0.07060170584426069,7.060170584426069,0.07060170584426069,29,5,10,270,181,5,1,/auto/brno2/brno2/zbubster/diplomka/models/ESM/recent_noextrapol_weights_common/GD/1000/esm_fit_bivariate.rds
recent_noextrapol_weights_common,Gentiana dinarica,GD,1000,landcover,0.06783335237755782,6.783335237755781,0.06783335237755782,27,5,10,270,181,5,1,/auto/brno2/brno2/zbubster/diplomka/models/ESM/recent_noextrapol_weights_common/GD/1000/esm_fit_bivariate.rds
recent_noextrapol_weights_common,Gentiana dinarica,GD,1000,HLI,0.049603781503490964,4.960378150349096,0.049603781503490964,27,5,10,270,181,5,1,/auto/brno2/brno2/zbubster/diplomka/models/ESM/recent_noextrapol_weights_common/GD/1000/esm_fit_bivariate.rds
recent_noextrapol_weights_common,Gentiana dinarica,GD,1000,northness,0.04706870919792452,4.706870919792451,0.04706870919792452,25,5,10,270,181,5,1,/auto/brno2/brno2/zbubster/diplomka/models/ESM/recent_noextrapol_weights_common/GD/1000/esm_fit_bivariate.rds
recent_noextrapol_weights_common,Gentiana dinarica,GD,200,landcover,0.14026596153036477,14.026596153036477,0.14026596153036477,45,5,10,270,215,5,1,/auto/brno2/brno2/zbubster/diplomka/models/ESM/recent_noextrapol_weights_common/GD/200/esm_fit_bivariate.rds
recent_noextrapol_weights_common,Gentiana dinarica,GD,200,bio14,0.13896563017888017,13.896563017888017,0.13896563017888017,45,5,10,270,215,5,1,/auto/brno2/brno2/zbubster/diplomka/models/ESM/recent_noextrapol_weights_common/GD/200/esm_fit_bivariate.rds
recent_noextrapol_weights_common,Gentiana dinarica,GD,200,bio12,0.12111070258618944,12.111070258618945,0.12111070258618944,45,5,10,270,215,5,1,/auto/brno2/brno2/zbubster/diplomka/models/ESM/recent_noextrapol_weights_common/GD/200/esm_fit_bivariate.rds
recent_noextrapol_weights_common,Gentiana dinarica,GD,200,bio06,0.11774133492004954,11.774133492004953,0.11774133492004954,45,5,10,270,215,5,1,/auto/brno2/brno2/zbubster/diplomka/models/ESM/recent_noextrapol_weights_common/GD/200/esm_fit_bivariate.rds
recent_noextrapol_weights_common,Gentiana dinarica,GD,200,depth_to_bedrock,0.10629614813724676,10.629614813724677,0.10629614813724676,44,5,10,270,215,5,1,/auto/brno2/brno2/zbubster/diplomka/models/ESM/recent_noextrapol_weights_common/GD/200/esm_fit_bivariate.rds
recent_noextrapol_weights_common,Gentiana dinarica,GD,200,soil_water_cap,0.09609417555222359,9.60941755522236,0.09609417555222359,45,5,10,270,215,5,1,/auto/brno2/brno2/zbubster/diplomka/models/ESM/recent_noextrapol_weights_common/GD/200/esm_fit_bivariate.rds
recent_noextrapol_weights_common,Gentiana dinarica,GD,200,HLI,0.08139396064839348,8.139396064839348,0.08139396064839348,42,5,10,270,215,5,1,/auto/brno2/brno2/zbubster/diplomka/models/ESM/recent_noextrapol_weights_common/GD/200/esm_fit_bivariate.rds
recent_noextrapol_weights_common,Gentiana dinarica,GD,200,bedrock,0.07758917586247921,7.758917586247921,0.07758917586247921,41,5,10,270,215,5,1,/auto/brno2/brno2/zbubster/diplomka/models/ESM/recent_noextrapol_weights_common/GD/200/esm_fit_bivariate.rds
recent_noextrapol_weights_common,Gentiana dinarica,GD,200,TWI,0.06669379539515864,6.669379539515864,0.06669379539515864,40,5,10,270,215,5,1,/auto/brno2/brno2/zbubster/diplomka/models/ESM/recent_noextrapol_weights_common/GD/200/esm_fit_bivariate.rds
recent_noextrapol_weights_common,Gentiana dinarica,GD,200,northness,0.05384911518901442,5.384911518901442,0.05384911518901442,38,5,10,270,215,5,1,/auto/brno2/brno2/zbubster/diplomka/models/ESM/recent_noextrapol_weights_common/GD/200/esm_fit_bivariate.rds
recent_noextrapol_weights_common,Gentiana dinarica,GD,500,bio14,0.13256936180768958,13.256936180768959,0.13256936180768958,45,5,10,270,225,5,1,/auto/brno2/brno2/zbubster/diplomka/models/ESM/recent_noextrapol_weights_common/GD/500/esm_fit_bivariate.rds
recent_noextrapol_weights_common,Gentiana dinarica,GD,500,bio12,0.118296665238846,11.8296665238846,0.118296665238846,45,5,10,270,225,5,1,/auto/brno2/brno2/zbubster/diplomka/models/ESM/recent_noextrapol_weights_common/GD/500/esm_fit_bivariate.rds
recent_noextrapol_weights_common,Gentiana dinarica,GD,500,bio06,0.11621757461762679,11.621757461762678,0.11621757461762679,45,5,10,270,225,5,1,/auto/brno2/brno2/zbubster/diplomka/models/ESM/recent_noextrapol_weights_common/GD/500/esm_fit_bivariate.rds
recent_noextrapol_weights_common,Gentiana dinarica,GD,500,TWI,0.10359383717579268,10.359383717579268,0.10359383717579268,45,5,10,270,225,5,1,/auto/brno2/brno2/zbubster/diplomka/models/ESM/recent_noextrapol_weights_common/GD/500/esm_fit_bivariate.rds
recent_noextrapol_weights_common,Gentiana dinarica,GD,500,depth_to_bedrock,0.0961961641200916,9.61961641200916,0.0961961641200916,45,5,10,270,225,5,1,/auto/brno2/brno2/zbubster/diplomka/models/ESM/recent_noextrapol_weights_common/GD/500/esm_fit_bivariate.rds
recent_noextrapol_weights_common,Gentiana dinarica,GD,500,landcover,0.09391478729075539,9.391478729075539,0.09391478729075539,45,5,10,270,225,5,1,/auto/brno2/brno2/zbubster/diplomka/models/ESM/recent_noextrapol_weights_common/GD/500/esm_fit_bivariate.rds
recent_noextrapol_weights_common,Gentiana dinarica,GD,500,soil_water_cap,0.08770831601845594,8.770831601845593,0.08770831601845594,45,5,10,270,225,5,1,/auto/brno2/brno2/zbubster/diplomka/models/ESM/recent_noextrapol_weights_common/GD/500/esm_fit_bivariate.rds
recent_noextrapol_weights_common,Gentiana dinarica,GD,500,bedrock,0.08691738388216992,8.691738388216992,0.08691738388216992,45,5,10,270,225,5,1,/auto/brno2/brno2/zbubster/diplomka/models/ESM/recent_noextrapol_weights_common/GD/500/esm_fit_bivariate.rds
recent_noextrapol_weights_common,Gentiana dinarica,GD,500,HLI,0.08626258039999825,8.626258039999826,0.08626258039999825,45,5,10,270,225,5,1,/auto/brno2/brno2/zbubster/diplomka/models/ESM/recent_noextrapol_weights_common/GD/500/esm_fit_bivariate.rds
recent_noextrapol_weights_common,Gentiana dinarica,GD,500,northness,0.07832332944857381,7.832332944857382,0.07832332944857381,45,5,10,270,225,5,1,/auto/brno2/brno2/zbubster/diplomka/models/ESM/recent_noextrapol_weights_common/GD/500/esm_fit_bivariate.rds
recent_noextrapol_weights_common,Gentiana tergestina,GT,100,bio14,0.13793510733070963,13.793510733070963,0.13793510733070963,50,5,11,330,259,5,1,/auto/brno2/brno2/zbubster/diplomka/models/ESM/recent_noextrapol_weights_common/GT/100/esm_fit_bivariate.rds
recent_noextrapol_weights_common,Gentiana tergestina,GT,100,landcover,0.13281857787489282,13.281857787489281,0.13281857787489282,50,5,11,330,259,5,1,/auto/brno2/brno2/zbubster/diplomka/models/ESM/recent_noextrapol_weights_common/GT/100/esm_fit_bivariate.rds
recent_noextrapol_weights_common,Gentiana tergestina,GT,100,bedrock,0.11876195897803478,11.876195897803479,0.11876195897803478,50,5,11,330,259,5,1,/auto/brno2/brno2/zbubster/diplomka/models/ESM/recent_noextrapol_weights_common/GT/100/esm_fit_bivariate.rds
recent_noextrapol_weights_common,Gentiana tergestina,GT,100,bio12,0.10316402883789433,10.316402883789433,0.10316402883789433,49,5,11,330,259,5,1,/auto/brno2/brno2/zbubster/diplomka/models/ESM/recent_noextrapol_weights_common/GT/100/esm_fit_bivariate.rds
recent_noextrapol_weights_common,Gentiana tergestina,GT,100,bio06,0.09629640506932743,9.629640506932743,0.09629640506932743,50,5,11,330,259,5,1,/auto/brno2/brno2/zbubster/diplomka/models/ESM/recent_noextrapol_weights_common/GT/100/esm_fit_bivariate.rds
recent_noextrapol_weights_common,Gentiana tergestina,GT,100,soil_water_cap,0.08533050844698897,8.533050844698897,0.08533050844698897,46,5,11,330,259,5,1,/auto/brno2/brno2/zbubster/diplomka/models/ESM/recent_noextrapol_weights_common/GT/100/esm_fit_bivariate.rds
recent_noextrapol_weights_common,Gentiana tergestina,GT,100,northness,0.08208278907807318,8.208278907807317,0.08208278907807318,47,5,11,330,259,5,1,/auto/brno2/brno2/zbubster/diplomka/models/ESM/recent_noextrapol_weights_common/GT/100/esm_fit_bivariate.rds
recent_noextrapol_weights_common,Gentiana tergestina,GT,100,TWI,0.06448605775627522,6.448605775627522,0.06448605775627522,45,5,11,330,259,5,1,/auto/brno2/brno2/zbubster/diplomka/models/ESM/recent_noextrapol_weights_common/GT/100/esm_fit_bivariate.rds
recent_noextrapol_weights_common,Gentiana tergestina,GT,100,dem_range,0.06254065538745712,6.254065538745712,0.06254065538745712,45,5,11,330,259,5,1,/auto/brno2/brno2/zbubster/diplomka/models/ESM/recent_noextrapol_weights_common/GT/100/esm_fit_bivariate.rds
recent_noextrapol_weights_common,Gentiana tergestina,GT,100,HLI,0.062325896347234816,6.232589634723482,0.062325896347234816,45,5,11,330,259,5,1,/auto/brno2/brno2/zbubster/diplomka/models/ESM/recent_noextrapol_weights_common/GT/100/esm_fit_bivariate.rds
recent_noextrapol_weights_common,Gentiana tergestina,GT,100,eastness,0.0542580148931117,5.42580148931117,0.0542580148931117,41,5,11,330,259,5,1,/auto/brno2/brno2/zbubster/diplomka/models/ESM/recent_noextrapol_weights_common/GT/100/esm_fit_bivariate.rds
recent_noextrapol_weights_common,Gentiana tergestina,GT,1000,bio12,0.1324122636520614,13.24122636520614,0.13241226365206138,50,5,11,330,254,5,0.9999999999999999,/auto/brno2/brno2/zbubster/diplomka/models/ESM/recent_noextrapol_weights_common/GT/1000/esm_fit_bivariate.rds
recent_noextrapol_weights_common,Gentiana tergestina,GT,1000,bio14,0.1288792749422431,12.88792749422431,0.12887927494224308,50,5,11,330,254,5,0.9999999999999999,/auto/brno2/brno2/zbubster/diplomka/models/ESM/recent_noextrapol_weights_common/GT/1000/esm_fit_bivariate.rds
recent_noextrapol_weights_common,Gentiana tergestina,GT,1000,northness,0.0984526691673915,9.845266916739149,0.09845266916739148,47,5,11,330,254,5,0.9999999999999999,/auto/brno2/brno2/zbubster/diplomka/models/ESM/recent_noextrapol_weights_common/GT/1000/esm_fit_bivariate.rds
recent_noextrapol_weights_common,Gentiana tergestina,GT,1000,soil_water_cap,0.09615557314731225,9.615557314731225,0.09615557314731224,50,5,11,330,254,5,0.9999999999999999,/auto/brno2/brno2/zbubster/diplomka/models/ESM/recent_noextrapol_weights_common/GT/1000/esm_fit_bivariate.rds
recent_noextrapol_weights_common,Gentiana tergestina,GT,1000,bedrock,0.09184803574379598,9.184803574379599,0.09184803574379596,48,5,11,330,254,5,0.9999999999999999,/auto/brno2/brno2/zbubster/diplomka/models/ESM/recent_noextrapol_weights_common/GT/1000/esm_fit_bivariate.rds
recent_noextrapol_weights_common,Gentiana tergestina,GT,1000,dem_range,0.08778558519376045,8.778558519376045,0.08778558519376044,44,5,11,330,254,5,0.9999999999999999,/auto/brno2/brno2/zbubster/diplomka/models/ESM/recent_noextrapol_weights_common/GT/1000/esm_fit_bivariate.rds
recent_noextrapol_weights_common,Gentiana tergestina,GT,1000,HLI,0.08457426090627772,8.457426090627772,0.0845742609062777,48,5,11,330,254,5,0.9999999999999999,/auto/brno2/brno2/zbubster/diplomka/models/ESM/recent_noextrapol_weights_common/GT/1000/esm_fit_bivariate.rds
recent_noextrapol_weights_common,Gentiana tergestina,GT,1000,bio06,0.08425642923024347,8.425642923024347,0.08425642923024346,48,5,11,330,254,5,0.9999999999999999,/auto/brno2/brno2/zbubster/diplomka/models/ESM/recent_noextrapol_weights_common/GT/1000/esm_fit_bivariate.rds
recent_noextrapol_weights_common,Gentiana tergestina,GT,1000,TWI,0.08319903850243515,8.319903850243515,0.08319903850243514,45,5,11,330,254,5,0.9999999999999999,/auto/brno2/brno2/zbubster/diplomka/models/ESM/recent_noextrapol_weights_common/GT/1000/esm_fit_bivariate.rds
recent_noextrapol_weights_common,Gentiana tergestina,GT,1000,landcover,0.059423827859859224,5.942382785985922,0.05942382785985922,38,5,11,330,254,5,0.9999999999999999,/auto/brno2/brno2/zbubster/diplomka/models/ESM/recent_noextrapol_weights_common/GT/1000/esm_fit_bivariate.rds
recent_noextrapol_weights_common,Gentiana tergestina,GT,1000,eastness,0.053013041654619814,5.301304165461981,0.05301304165461981,40,5,11,330,254,5,0.9999999999999999,/auto/brno2/brno2/zbubster/diplomka/models/ESM/recent_noextrapol_weights_common/GT/1000/esm_fit_bivariate.rds
recent_noextrapol_weights_common,Gentiana tergestina,GT,200,bio14,0.13482596314482892,13.482596314482892,0.13482596314482892,50,5,11,330,269,5,1,/auto/brno2/brno2/zbubster/diplomka/models/ESM/recent_noextrapol_weights_common/GT/200/esm_fit_bivariate.rds
recent_noextrapol_weights_common,Gentiana tergestina,GT,200,landcover,0.12257646230943735,12.257646230943735,0.12257646230943735,50,5,11,330,269,5,1,/auto/brno2/brno2/zbubster/diplomka/models/ESM/recent_noextrapol_weights_common/GT/200/esm_fit_bivariate.rds
recent_noextrapol_weights_common,Gentiana tergestina,GT,200,bio12,0.11456957137146037,11.456957137146038,0.11456957137146037,50,5,11,330,269,5,1,/auto/brno2/brno2/zbubster/diplomka/models/ESM/recent_noextrapol_weights_common/GT/200/esm_fit_bivariate.rds
recent_noextrapol_weights_common,Gentiana tergestina,GT,200,bedrock,0.10206015715505612,10.206015715505611,0.10206015715505612,50,5,11,330,269,5,1,/auto/brno2/brno2/zbubster/diplomka/models/ESM/recent_noextrapol_weights_common/GT/200/esm_fit_bivariate.rds
recent_noextrapol_weights_common,Gentiana tergestina,GT,200,bio06,0.09656864483857057,9.656864483857056,0.09656864483857057,50,5,11,330,269,5,1,/auto/brno2/brno2/zbubster/diplomka/models/ESM/recent_noextrapol_weights_common/GT/200/esm_fit_bivariate.rds
recent_noextrapol_weights_common,Gentiana tergestina,GT,200,soil_water_cap,0.07986244305577435,7.986244305577435,0.07986244305577435,49,5,11,330,269,5,1,/auto/brno2/brno2/zbubster/diplomka/models/ESM/recent_noextrapol_weights_common/GT/200/esm_fit_bivariate.rds
recent_noextrapol_weights_common,Gentiana tergestina,GT,200,HLI,0.0785450310607527,7.85450310607527,0.0785450310607527,50,5,11,330,269,5,1,/auto/brno2/brno2/zbubster/diplomka/models/ESM/recent_noextrapol_weights_common/GT/200/esm_fit_bivariate.rds
recent_noextrapol_weights_common,Gentiana tergestina,GT,200,TWI,0.07649312572889581,7.649312572889581,0.07649312572889581,50,5,11,330,269,5,1,/auto/brno2/brno2/zbubster/diplomka/models/ESM/recent_noextrapol_weights_common/GT/200/esm_fit_bivariate.rds
recent_noextrapol_weights_common,Gentiana tergestina,GT,200,northness,0.07473687867785299,7.473687867785299,0.07473687867785299,49,5,11,330,269,5,1,/auto/brno2/brno2/zbubster/diplomka/models/ESM/recent_noextrapol_weights_common/GT/200/esm_fit_bivariate.rds
recent_noextrapol_weights_common,Gentiana tergestina,GT,200,dem_range,0.062198646832322825,6.219864683232283,0.062198646832322825,46,5,11,330,269,5,1,/auto/brno2/brno2/zbubster/diplomka/models/ESM/recent_noextrapol_weights_common/GT/200/esm_fit_bivariate.rds
recent_noextrapol_weights_common,Gentiana tergestina,GT,200,eastness,0.05756307582504805,5.756307582504805,0.05756307582504805,44,5,11,330,269,5,1,/auto/brno2/brno2/zbubster/diplomka/models/ESM/recent_noextrapol_weights_common/GT/200/esm_fit_bivariate.rds
recent_noextrapol_weights_common,Gentiana tergestina,GT,500,landcover,0.15071833630145523,15.071833630145523,0.15071833630145523,50,5,11,330,247,5,1,/auto/brno2/brno2/zbubster/diplomka/models/ESM/recent_noextrapol_weights_common/GT/500/esm_fit_bivariate.rds
recent_noextrapol_weights_common,Gentiana tergestina,GT,500,bio12,0.1372102240592359,13.721022405923591,0.1372102240592359,50,5,11,330,247,5,1,/auto/brno2/brno2/zbubster/diplomka/models/ESM/recent_noextrapol_weights_common/GT/500/esm_fit_bivariate.rds
recent_noextrapol_weights_common,Gentiana tergestina,GT,500,northness,0.10468032335143859,10.468032335143858,0.10468032335143859,50,5,11,330,247,5,1,/auto/brno2/brno2/zbubster/diplomka/models/ESM/recent_noextrapol_weights_common/GT/500/esm_fit_bivariate.rds
recent_noextrapol_weights_common,Gentiana tergestina,GT,500,bedrock,0.1010032947962575,10.10032947962575,0.1010032947962575,48,5,11,330,247,5,1,/auto/brno2/brno2/zbubster/diplomka/models/ESM/recent_noextrapol_weights_common/GT/500/esm_fit_bivariate.rds
recent_noextrapol_weights_common,Gentiana tergestina,GT,500,bio14,0.0982076928348178,9.82076928348178,0.0982076928348178,47,5,11,330,247,5,1,/auto/brno2/brno2/zbubster/diplomka/models/ESM/recent_noextrapol_weights_common/GT/500/esm_fit_bivariate.rds
recent_noextrapol_weights_common,Gentiana tergestina,GT,500,soil_water_cap,0.09124521426211517,9.124521426211517,0.09124521426211517,47,5,11,330,247,5,1,/auto/brno2/brno2/zbubster/diplomka/models/ESM/recent_noextrapol_weights_common/GT/500/esm_fit_bivariate.rds
recent_noextrapol_weights_common,Gentiana tergestina,GT,500,bio06,0.07215922561940812,7.215922561940811,0.07215922561940812,45,5,11,330,247,5,1,/auto/brno2/brno2/zbubster/diplomka/models/ESM/recent_noextrapol_weights_common/GT/500/esm_fit_bivariate.rds
recent_noextrapol_weights_common,Gentiana tergestina,GT,500,TWI,0.06954991885189928,6.954991885189927,0.06954991885189928,43,5,11,330,247,5,1,/auto/brno2/brno2/zbubster/diplomka/models/ESM/recent_noextrapol_weights_common/GT/500/esm_fit_bivariate.rds
recent_noextrapol_weights_common,Gentiana tergestina,GT,500,HLI,0.0641704201676956,6.41704201676956,0.0641704201676956,41,5,11,330,247,5,1,/auto/brno2/brno2/zbubster/diplomka/models/ESM/recent_noextrapol_weights_common/GT/500/esm_fit_bivariate.rds
recent_noextrapol_weights_common,Gentiana tergestina,GT,500,eastness,0.06282367913973276,6.282367913973276,0.06282367913973276,43,5,11,330,247,5,1,/auto/brno2/brno2/zbubster/diplomka/models/ESM/recent_noextrapol_weights_common/GT/500/esm_fit_bivariate.rds
recent_noextrapol_weights_common,Gentiana tergestina,GT,500,dem_range,0.04823167061594404,4.823167061594404,0.04823167061594404,30,5,11,330,247,5,1,/auto/brno2/brno2/zbubster/diplomka/models/ESM/recent_noextrapol_weights_common/GT/500/esm_fit_bivariate.rds
recent_noextrapol_weights_common,Primula kitaibeliana,PK,100,bio06,0.15708132604038325,15.708132604038324,0.15708132604038325,50,5,11,330,253,5,1,/auto/brno2/brno2/zbubster/diplomka/models/ESM/recent_noextrapol_weights_common/PK/100/esm_fit_bivariate.rds
recent_noextrapol_weights_common,Primula kitaibeliana,PK,100,bio14,0.1443866655731819,14.43866655731819,0.1443866655731819,50,5,11,330,253,5,1,/auto/brno2/brno2/zbubster/diplomka/models/ESM/recent_noextrapol_weights_common/PK/100/esm_fit_bivariate.rds
recent_noextrapol_weights_common,Primula kitaibeliana,PK,100,bio12,0.13294546834274498,13.294546834274499,0.13294546834274498,50,5,11,330,253,5,1,/auto/brno2/brno2/zbubster/diplomka/models/ESM/recent_noextrapol_weights_common/PK/100/esm_fit_bivariate.rds
recent_noextrapol_weights_common,Primula kitaibeliana,PK,100,depth_to_bedrock,0.10589396775606404,10.589396775606403,0.10589396775606404,50,5,11,330,253,5,1,/auto/brno2/brno2/zbubster/diplomka/models/ESM/recent_noextrapol_weights_common/PK/100/esm_fit_bivariate.rds
recent_noextrapol_weights_common,Primula kitaibeliana,PK,100,landcover,0.0830640887324779,8.30640887324779,0.0830640887324779,49,5,11,330,253,5,1,/auto/brno2/brno2/zbubster/diplomka/models/ESM/recent_noextrapol_weights_common/PK/100/esm_fit_bivariate.rds
recent_noextrapol_weights_common,Primula kitaibeliana,PK,100,soil_water_cap,0.07377148389580201,7.377148389580201,0.07377148389580201,46,5,11,330,253,5,1,/auto/brno2/brno2/zbubster/diplomka/models/ESM/recent_noextrapol_weights_common/PK/100/esm_fit_bivariate.rds
recent_noextrapol_weights_common,Primula kitaibeliana,PK,100,TWI,0.06591331853101971,6.591331853101972,0.06591331853101971,46,5,11,330,253,5,1,/auto/brno2/brno2/zbubster/diplomka/models/ESM/recent_noextrapol_weights_common/PK/100/esm_fit_bivariate.rds
recent_noextrapol_weights_common,Primula kitaibeliana,PK,100,dem_range,0.06546807001020982,6.546807001020982,0.06546807001020982,46,5,11,330,253,5,1,/auto/brno2/brno2/zbubster/diplomka/models/ESM/recent_noextrapol_weights_common/PK/100/esm_fit_bivariate.rds
recent_noextrapol_weights_common,Primula kitaibeliana,PK,100,northness,0.0577154732633018,5.77154732633018,0.0577154732633018,40,5,11,330,253,5,1,/auto/brno2/brno2/zbubster/diplomka/models/ESM/recent_noextrapol_weights_common/PK/100/esm_fit_bivariate.rds
recent_noextrapol_weights_common,Primula kitaibeliana,PK,100,eastness,0.057094184201013164,5.709418420101317,0.057094184201013164,38,5,11,330,253,5,1,/auto/brno2/brno2/zbubster/diplomka/models/ESM/recent_noextrapol_weights_common/PK/100/esm_fit_bivariate.rds
recent_noextrapol_weights_common,Primula kitaibeliana,PK,100,HLI,0.05666595365380152,5.666595365380152,0.05666595365380152,41,5,11,330,253,5,1,/auto/brno2/brno2/zbubster/diplomka/models/ESM/recent_noextrapol_weights_common/PK/100/esm_fit_bivariate.rds
recent_noextrapol_weights_common,Primula kitaibeliana,PK,1000,bio06,0.14686307675515384,14.686307675515383,0.14686307675515384,50,5,11,330,262,5,1,/auto/brno2/brno2/zbubster/diplomka/models/ESM/recent_noextrapol_weights_common/PK/1000/esm_fit_bivariate.rds
recent_noextrapol_weights_common,Primula kitaibeliana,PK,1000,bio14,0.11330077330128051,11.33007733012805,0.11330077330128051,50,5,11,330,262,5,1,/auto/brno2/brno2/zbubster/diplomka/models/ESM/recent_noextrapol_weights_common/PK/1000/esm_fit_bivariate.rds
recent_noextrapol_weights_common,Primula kitaibeliana,PK,1000,bio12,0.10361606750601329,10.361606750601329,0.10361606750601329,44,5,11,330,262,5,1,/auto/brno2/brno2/zbubster/diplomka/models/ESM/recent_noextrapol_weights_common/PK/1000/esm_fit_bivariate.rds
recent_noextrapol_weights_common,Primula kitaibeliana,PK,1000,landcover,0.09901102364421001,9.901102364421002,0.09901102364421001,48,5,11,330,262,5,1,/auto/brno2/brno2/zbubster/diplomka/models/ESM/recent_noextrapol_weights_common/PK/1000/esm_fit_bivariate.rds
recent_noextrapol_weights_common,Primula kitaibeliana,PK,1000,depth_to_bedrock,0.08863139682217175,8.863139682217176,0.08863139682217175,49,5,11,330,262,5,1,/auto/brno2/brno2/zbubster/diplomka/models/ESM/recent_noextrapol_weights_common/PK/1000/esm_fit_bivariate.rds
recent_noextrapol_weights_common,Primula kitaibeliana,PK,1000,dem_range,0.08607734815068431,8.607734815068431,0.08607734815068431,48,5,11,330,262,5,1,/auto/brno2/brno2/zbubster/diplomka/models/ESM/recent_noextrapol_weights_common/PK/1000/esm_fit_bivariate.rds
recent_noextrapol_weights_common,Primula kitaibeliana,PK,1000,HLI,0.08171926379214299,8.171926379214298,0.08171926379214299,48,5,11,330,262,5,1,/auto/brno2/brno2/zbubster/diplomka/models/ESM/recent_noextrapol_weights_common/PK/1000/esm_fit_bivariate.rds
recent_noextrapol_weights_common,Primula kitaibeliana,PK,1000,TWI,0.07688199128299342,7.688199128299342,0.07688199128299342,48,5,11,330,262,5,1,/auto/brno2/brno2/zbubster/diplomka/models/ESM/recent_noextrapol_weights_common/PK/1000/esm_fit_bivariate.rds
recent_noextrapol_weights_common,Primula kitaibeliana,PK,1000,soil_water_cap,0.07413214830083105,7.413214830083105,0.07413214830083105,48,5,11,330,262,5,1,/auto/brno2/brno2/zbubster/diplomka/models/ESM/recent_noextrapol_weights_common/PK/1000/esm_fit_bivariate.rds
recent_noextrapol_weights_common,Primula kitaibeliana,PK,1000,northness,0.07231156668139617,7.231156668139617,0.07231156668139617,48,5,11,330,262,5,1,/auto/brno2/brno2/zbubster/diplomka/models/ESM/recent_noextrapol_weights_common/PK/1000/esm_fit_bivariate.rds
recent_noextrapol_weights_common,Primula kitaibeliana,PK,1000,eastness,0.05745534376312265,5.745534376312265,0.05745534376312265,43,5,11,330,262,5,1,/auto/brno2/brno2/zbubster/diplomka/models/ESM/recent_noextrapol_weights_common/PK/1000/esm_fit_bivariate.rds
recent_noextrapol_weights_common,Primula kitaibeliana,PK,200,bio14,0.1510780461733236,15.10780461733236,0.1510780461733236,50,5,11,330,248,5,1,/auto/brno2/brno2/zbubster/diplomka/models/ESM/recent_noextrapol_weights_common/PK/200/esm_fit_bivariate.rds
recent_noextrapol_weights_common,Primula kitaibeliana,PK,200,bio12,0.1370122747028206,13.70122747028206,0.1370122747028206,50,5,11,330,248,5,1,/auto/brno2/brno2/zbubster/diplomka/models/ESM/recent_noextrapol_weights_common/PK/200/esm_fit_bivariate.rds
recent_noextrapol_weights_common,Primula kitaibeliana,PK,200,bio06,0.13558500964162343,13.558500964162343,0.13558500964162343,50,5,11,330,248,5,1,/auto/brno2/brno2/zbubster/diplomka/models/ESM/recent_noextrapol_weights_common/PK/200/esm_fit_bivariate.rds
recent_noextrapol_weights_common,Primula kitaibeliana,PK,200,depth_to_bedrock,0.11919613664901556,11.919613664901556,0.11919613664901556,50,5,11,330,248,5,1,/auto/brno2/brno2/zbubster/diplomka/models/ESM/recent_noextrapol_weights_common/PK/200/esm_fit_bivariate.rds
recent_noextrapol_weights_common,Primula kitaibeliana,PK,200,landcover,0.08401785238612121,8.40178523861212,0.08401785238612121,50,5,11,330,248,5,1,/auto/brno2/brno2/zbubster/diplomka/models/ESM/recent_noextrapol_weights_common/PK/200/esm_fit_bivariate.rds
recent_noextrapol_weights_common,Primula kitaibeliana,PK,200,dem_range,0.07141661298558528,7.141661298558528,0.07141661298558528,47,5,11,330,248,5,1,/auto/brno2/brno2/zbubster/diplomka/models/ESM/recent_noextrapol_weights_common/PK/200/esm_fit_bivariate.rds
recent_noextrapol_weights_common,Primula kitaibeliana,PK,200,soil_water_cap,0.0668842144636316,6.688421446363161,0.0668842144636316,44,5,11,330,248,5,1,/auto/brno2/brno2/zbubster/diplomka/models/ESM/recent_noextrapol_weights_common/PK/200/esm_fit_bivariate.rds
recent_noextrapol_weights_common,Primula kitaibeliana,PK,200,TWI,0.06469361524395485,6.469361524395485,0.06469361524395485,42,5,11,330,248,5,1,/auto/brno2/brno2/zbubster/diplomka/models/ESM/recent_noextrapol_weights_common/PK/200/esm_fit_bivariate.rds
recent_noextrapol_weights_common,Primula kitaibeliana,PK,200,HLI,0.05996590883655298,5.996590883655298,0.05996590883655298,42,5,11,330,248,5,1,/auto/brno2/brno2/zbubster/diplomka/models/ESM/recent_noextrapol_weights_common/PK/200/esm_fit_bivariate.rds
recent_noextrapol_weights_common,Primula kitaibeliana,PK,200,northness,0.05905483609978711,5.9054836099787105,0.05905483609978711,38,5,11,330,248,5,1,/auto/brno2/brno2/zbubster/diplomka/models/ESM/recent_noextrapol_weights_common/PK/200/esm_fit_bivariate.rds
recent_noextrapol_weights_common,Primula kitaibeliana,PK,200,eastness,0.05109549281758379,5.109549281758379,0.05109549281758379,33,5,11,330,248,5,1,/auto/brno2/brno2/zbubster/diplomka/models/ESM/recent_noextrapol_weights_common/PK/200/esm_fit_bivariate.rds
recent_noextrapol_weights_common,Primula kitaibeliana,PK,500,bio06,0.159339361458771,15.9339361458771,0.15933936145877098,50,5,11,330,260,5,1,/auto/brno2/brno2/zbubster/diplomka/models/ESM/recent_noextrapol_weights_common/PK/500/esm_fit_bivariate.rds
recent_noextrapol_weights_common,Primula kitaibeliana,PK,500,bio12,0.1251313182933092,12.51313182933092,0.12513131829330917,44,5,11,330,260,5,1,/auto/brno2/brno2/zbubster/diplomka/models/ESM/recent_noextrapol_weights_common/PK/500/esm_fit_bivariate.rds
recent_noextrapol_weights_common,Primula kitaibeliana,PK,500,landcover,0.10856004654861952,10.856004654861952,0.1085600465486195,50,5,11,330,260,5,1,/auto/brno2/brno2/zbubster/diplomka/models/ESM/recent_noextrapol_weights_common/PK/500/esm_fit_bivariate.rds
recent_noextrapol_weights_common,Primula kitaibeliana,PK,500,bio14,0.10433060439623255,10.433060439623256,0.10433060439623254,50,5,11,330,260,5,1,/auto/brno2/brno2/zbubster/diplomka/models/ESM/recent_noextrapol_weights_common/PK/500/esm_fit_bivariate.rds
recent_noextrapol_weights_common,Primula kitaibeliana,PK,500,TWI,0.08059069408203658,8.059069408203658,0.08059069408203656,48,5,11,330,260,5,1,/auto/brno2/brno2/zbubster/diplomka/models/ESM/recent_noextrapol_weights_common/PK/500/esm_fit_bivariate.rds
recent_noextrapol_weights_common,Primula kitaibeliana,PK,500,soil_water_cap,0.07480484996056425,7.480484996056425,0.07480484996056423,47,5,11,330,260,5,1,/auto/brno2/brno2/zbubster/diplomka/models/ESM/recent_noextrapol_weights_common/PK/500/esm_fit_bivariate.rds
recent_noextrapol_weights_common,Primula kitaibeliana,PK,500,eastness,0.07354585139266563,7.354585139266563,0.07354585139266562,48,5,11,330,260,5,1,/auto/brno2/brno2/zbubster/diplomka/models/ESM/recent_noextrapol_weights_common/PK/500/esm_fit_bivariate.rds
recent_noextrapol_weights_common,Primula kitaibeliana,PK,500,depth_to_bedrock,0.07227742199381608,7.227742199381608,0.07227742199381607,46,5,11,330,260,5,1,/auto/brno2/brno2/zbubster/diplomka/models/ESM/recent_noextrapol_weights_common/PK/500/esm_fit_bivariate.rds
recent_noextrapol_weights_common,Primula kitaibeliana,PK,500,dem_range,0.07047191634305418,7.047191634305418,0.07047191634305416,48,5,11,330,260,5,1,/auto/brno2/brno2/zbubster/diplomka/models/ESM/recent_noextrapol_weights_common/PK/500/esm_fit_bivariate.rds
recent_noextrapol_weights_common,Primula kitaibeliana,PK,500,HLI,0.06583463057641498,6.583463057641498,0.06583463057641496,44,5,11,330,260,5,1,/auto/brno2/brno2/zbubster/diplomka/models/ESM/recent_noextrapol_weights_common/PK/500/esm_fit_bivariate.rds
recent_noextrapol_weights_common,Primula kitaibeliana,PK,500,northness,0.06511330495451614,6.511330495451614,0.06511330495451613,45,5,11,330,260,5,1,/auto/brno2/brno2/zbubster/diplomka/models/ESM/recent_noextrapol_weights_common/PK/500/esm_fit_bivariate.rds
recent_noextrapol_weights_common,Phyteuma orbiculare,PO,100,bio06,0.15936191686345766,15.936191686345765,0.15936191686345766,45,5,10,270,212,5,1,/auto/brno2/brno2/zbubster/diplomka/models/ESM/recent_noextrapol_weights_common/PO/100/esm_fit_bivariate.rds
recent_noextrapol_weights_common,Phyteuma orbiculare,PO,100,bio12,0.14565817694178126,14.565817694178126,0.14565817694178126,45,5,10,270,212,5,1,/auto/brno2/brno2/zbubster/diplomka/models/ESM/recent_noextrapol_weights_common/PO/100/esm_fit_bivariate.rds
recent_noextrapol_weights_common,Phyteuma orbiculare,PO,100,landcover,0.1160835471225921,11.60835471225921,0.1160835471225921,45,5,10,270,212,5,1,/auto/brno2/brno2/zbubster/diplomka/models/ESM/recent_noextrapol_weights_common/PO/100/esm_fit_bivariate.rds
recent_noextrapol_weights_common,Phyteuma orbiculare,PO,100,TWI,0.1156563177779551,11.56563177779551,0.1156563177779551,45,5,10,270,212,5,1,/auto/brno2/brno2/zbubster/diplomka/models/ESM/recent_noextrapol_weights_common/PO/100/esm_fit_bivariate.rds
recent_noextrapol_weights_common,Phyteuma orbiculare,PO,100,depth_to_bedrock,0.09134547226030547,9.134547226030547,0.09134547226030547,42,5,10,270,212,5,1,/auto/brno2/brno2/zbubster/diplomka/models/ESM/recent_noextrapol_weights_common/PO/100/esm_fit_bivariate.rds
recent_noextrapol_weights_common,Phyteuma orbiculare,PO,100,bio14,0.08587522177965923,8.587522177965923,0.08587522177965923,44,5,10,270,212,5,1,/auto/brno2/brno2/zbubster/diplomka/models/ESM/recent_noextrapol_weights_common/PO/100/esm_fit_bivariate.rds
recent_noextrapol_weights_common,Phyteuma orbiculare,PO,100,northness,0.07513053707644228,7.513053707644228,0.07513053707644228,41,5,10,270,212,5,1,/auto/brno2/brno2/zbubster/diplomka/models/ESM/recent_noextrapol_weights_common/PO/100/esm_fit_bivariate.rds
recent_noextrapol_weights_common,Phyteuma orbiculare,PO,100,HLI,0.07310166496945683,7.310166496945683,0.07310166496945683,40,5,10,270,212,5,1,/auto/brno2/brno2/zbubster/diplomka/models/ESM/recent_noextrapol_weights_common/PO/100/esm_fit_bivariate.rds
recent_noextrapol_weights_common,Phyteuma orbiculare,PO,100,soil_water_cap,0.07024604722615907,7.024604722615907,0.07024604722615907,39,5,10,270,212,5,1,/auto/brno2/brno2/zbubster/diplomka/models/ESM/recent_noextrapol_weights_common/PO/100/esm_fit_bivariate.rds
recent_noextrapol_weights_common,Phyteuma orbiculare,PO,100,bedrock,0.06754109798219095,6.754109798219095,0.06754109798219095,38,5,10,270,212,5,1,/auto/brno2/brno2/zbubster/diplomka/models/ESM/recent_noextrapol_weights_common/PO/100/esm_fit_bivariate.rds
recent_noextrapol_weights_common,Phyteuma orbiculare,PO,1000,bio12,0.18778491177595893,18.778491177595892,0.18778491177595893,45,5,10,270,182,5,1,/auto/brno2/brno2/zbubster/diplomka/models/ESM/recent_noextrapol_weights_common/PO/1000/esm_fit_bivariate.rds
recent_noextrapol_weights_common,Phyteuma orbiculare,PO,1000,landcover,0.1686175947312268,16.86175947312268,0.1686175947312268,45,5,10,270,182,5,1,/auto/brno2/brno2/zbubster/diplomka/models/ESM/recent_noextrapol_weights_common/PO/1000/esm_fit_bivariate.rds
recent_noextrapol_weights_common,Phyteuma orbiculare,PO,1000,bio06,0.15811531291133601,15.811531291133601,0.15811531291133601,45,5,10,270,182,5,1,/auto/brno2/brno2/zbubster/diplomka/models/ESM/recent_noextrapol_weights_common/PO/1000/esm_fit_bivariate.rds
recent_noextrapol_weights_common,Phyteuma orbiculare,PO,1000,soil_water_cap,0.08887718935099127,8.887718935099127,0.08887718935099127,40,5,10,270,182,5,1,/auto/brno2/brno2/zbubster/diplomka/models/ESM/recent_noextrapol_weights_common/PO/1000/esm_fit_bivariate.rds
recent_noextrapol_weights_common,Phyteuma orbiculare,PO,1000,bedrock,0.07723193330907406,7.723193330907406,0.07723193330907406,34,5,10,270,182,5,1,/auto/brno2/brno2/zbubster/diplomka/models/ESM/recent_noextrapol_weights_common/PO/1000/esm_fit_bivariate.rds
recent_noextrapol_weights_common,Phyteuma orbiculare,PO,1000,HLI,0.0702354620353569,7.023546203535689,0.0702354620353569,30,5,10,270,182,5,1,/auto/brno2/brno2/zbubster/diplomka/models/ESM/recent_noextrapol_weights_common/PO/1000/esm_fit_bivariate.rds
recent_noextrapol_weights_common,Phyteuma orbiculare,PO,1000,bio14,0.07019977433154631,7.019977433154631,0.07019977433154631,38,5,10,270,182,5,1,/auto/brno2/brno2/zbubster/diplomka/models/ESM/recent_noextrapol_weights_common/PO/1000/esm_fit_bivariate.rds
recent_noextrapol_weights_common,Phyteuma orbiculare,PO,1000,TWI,0.06914836868665168,6.9148368686651684,0.06914836868665168,31,5,10,270,182,5,1,/auto/brno2/brno2/zbubster/diplomka/models/ESM/recent_noextrapol_weights_common/PO/1000/esm_fit_bivariate.rds
recent_noextrapol_weights_common,Phyteuma orbiculare,PO,1000,northness,0.06096772568973667,6.096772568973667,0.06096772568973667,28,5,10,270,182,5,1,/auto/brno2/brno2/zbubster/diplomka/models/ESM/recent_noextrapol_weights_common/PO/1000/esm_fit_bivariate.rds
recent_noextrapol_weights_common,Phyteuma orbiculare,PO,1000,depth_to_bedrock,0.04882172717812146,4.8821727178121455,0.04882172717812146,28,5,10,270,182,5,1,/auto/brno2/brno2/zbubster/diplomka/models/ESM/recent_noextrapol_weights_common/PO/1000/esm_fit_bivariate.rds
recent_noextrapol_weights_common,Phyteuma orbiculare,PO,200,bio12,0.16373247132444532,16.373247132444533,0.16373247132444532,44,5,10,270,193,5,1,/auto/brno2/brno2/zbubster/diplomka/models/ESM/recent_noextrapol_weights_common/PO/200/esm_fit_bivariate.rds
recent_noextrapol_weights_common,Phyteuma orbiculare,PO,200,bio06,0.16215006979538787,16.21500697953879,0.16215006979538787,45,5,10,270,193,5,1,/auto/brno2/brno2/zbubster/diplomka/models/ESM/recent_noextrapol_weights_common/PO/200/esm_fit_bivariate.rds
recent_noextrapol_weights_common,Phyteuma orbiculare,PO,200,landcover,0.12690943984739098,12.690943984739098,0.12690943984739098,44,5,10,270,193,5,1,/auto/brno2/brno2/zbubster/diplomka/models/ESM/recent_noextrapol_weights_common/PO/200/esm_fit_bivariate.rds
recent_noextrapol_weights_common,Phyteuma orbiculare,PO,200,TWI,0.10957286969037494,10.957286969037494,0.10957286969037494,41,5,10,270,193,5,1,/auto/brno2/brno2/zbubster/diplomka/models/ESM/recent_noextrapol_weights_common/PO/200/esm_fit_bivariate.rds
recent_noextrapol_weights_common,Phyteuma orbiculare,PO,200,depth_to_bedrock,0.0998127512235393,9.98127512235393,0.0998127512235393,44,5,10,270,193,5,1,/auto/brno2/brno2/zbubster/diplomka/models/ESM/recent_noextrapol_weights_common/PO/200/esm_fit_bivariate.rds
recent_noextrapol_weights_common,Phyteuma orbiculare,PO,200,soil_water_cap,0.07417873221308112,7.4178732213081116,0.07417873221308112,36,5,10,270,193,5,1,/auto/brno2/brno2/zbubster/diplomka/models/ESM/recent_noextrapol_weights_common/PO/200/esm_fit_bivariate.rds
recent_noextrapol_weights_common,Phyteuma orbiculare,PO,200,northness,0.0715831487731032,7.15831487731032,0.0715831487731032,36,5,10,270,193,5,1,/auto/brno2/brno2/zbubster/diplomka/models/ESM/recent_noextrapol_weights_common/PO/200/esm_fit_bivariate.rds
recent_noextrapol_weights_common,Phyteuma orbiculare,PO,200,bedrock,0.06764546744985095,6.764546744985095,0.06764546744985095,32,5,10,270,193,5,1,/auto/brno2/brno2/zbubster/diplomka/models/ESM/recent_noextrapol_weights_common/PO/200/esm_fit_bivariate.rds
recent_noextrapol_weights_common,Phyteuma orbiculare,PO,200,bio14,0.06422266607083447,6.422266607083447,0.06422266607083447,34,5,10,270,193,5,1,/auto/brno2/brno2/zbubster/diplomka/models/ESM/recent_noextrapol_weights_common/PO/200/esm_fit_bivariate.rds
recent_noextrapol_weights_common,Phyteuma orbiculare,PO,200,HLI,0.060192383611991813,6.019238361199181,0.060192383611991813,30,5,10,270,193,5,1,/auto/brno2/brno2/zbubster/diplomka/models/ESM/recent_noextrapol_weights_common/PO/200/esm_fit_bivariate.rds
recent_noextrapol_weights_common,Phyteuma orbiculare,PO,500,bio12,0.1879100579229935,18.79100579229935,0.1879100579229935,45,5,10,270,202,5,1,/auto/brno2/brno2/zbubster/diplomka/models/ESM/recent_noextrapol_weights_common/PO/500/esm_fit_bivariate.rds
recent_noextrapol_weights_common,Phyteuma orbiculare,PO,500,landcover,0.14150265830337283,14.150265830337283,0.14150265830337283,45,5,10,270,202,5,1,/auto/brno2/brno2/zbubster/diplomka/models/ESM/recent_noextrapol_weights_common/PO/500/esm_fit_bivariate.rds
recent_noextrapol_weights_common,Phyteuma orbiculare,PO,500,bio06,0.13149044819620945,13.149044819620945,0.13149044819620945,45,5,10,270,202,5,1,/auto/brno2/brno2/zbubster/diplomka/models/ESM/recent_noextrapol_weights_common/PO/500/esm_fit_bivariate.rds
recent_noextrapol_weights_common,Phyteuma orbiculare,PO,500,northness,0.09129691528746375,9.129691528746376,0.09129691528746375,43,5,10,270,202,5,1,/auto/brno2/brno2/zbubster/diplomka/models/ESM/recent_noextrapol_weights_common/PO/500/esm_fit_bivariate.rds
recent_noextrapol_weights_common,Phyteuma orbiculare,PO,500,soil_water_cap,0.09046599755242536,9.046599755242536,0.09046599755242536,44,5,10,270,202,5,1,/auto/brno2/brno2/zbubster/diplomka/models/ESM/recent_noextrapol_weights_common/PO/500/esm_fit_bivariate.rds
recent_noextrapol_weights_common,Phyteuma orbiculare,PO,500,depth_to_bedrock,0.08087363317559704,8.087363317559703,0.08087363317559704,37,5,10,270,202,5,1,/auto/brno2/brno2/zbubster/diplomka/models/ESM/recent_noextrapol_weights_common/PO/500/esm_fit_bivariate.rds
recent_noextrapol_weights_common,Phyteuma orbiculare,PO,500,HLI,0.07930413982550763,7.930413982550763,0.07930413982550763,39,5,10,270,202,5,1,/auto/brno2/brno2/zbubster/diplomka/models/ESM/recent_noextrapol_weights_common/PO/500/esm_fit_bivariate.rds
recent_noextrapol_weights_common,Phyteuma orbiculare,PO,500,bio14,0.07761425795643179,7.761425795643179,0.07761425795643179,38,5,10,270,202,5,1,/auto/brno2/brno2/zbubster/diplomka/models/ESM/recent_noextrapol_weights_common/PO/500/esm_fit_bivariate.rds
recent_noextrapol_weights_common,Phyteuma orbiculare,PO,500,bedrock,0.06933839699291011,6.933839699291012,0.06933839699291011,34,5,10,270,202,5,1,/auto/brno2/brno2/zbubster/diplomka/models/ESM/recent_noextrapol_weights_common/PO/500/esm_fit_bivariate.rds
recent_noextrapol_weights_common,Phyteuma orbiculare,PO,500,TWI,0.05020349478708859,5.020349478708859,0.05020349478708859,34,5,10,270,202,5,1,/auto/brno2/brno2/zbubster/diplomka/models/ESM/recent_noextrapol_weights_common/PO/500/esm_fit_bivariate.rds
recent_noextrapol_weights_common,Phyteuma pseudorbiculare,PP,100,bio06,0.15732900496209543,15.732900496209542,0.1573290049620954,45,5,10,270,205,5,0.9999999999999999,/auto/brno2/brno2/zbubster/diplomka/models/ESM/recent_noextrapol_weights_common/PP/100/esm_fit_bivariate.rds
recent_noextrapol_weights_common,Phyteuma pseudorbiculare,PP,100,bio14,0.15627157898580005,15.627157898580005,0.15627157898580002,45,5,10,270,205,5,0.9999999999999999,/auto/brno2/brno2/zbubster/diplomka/models/ESM/recent_noextrapol_weights_common/PP/100/esm_fit_bivariate.rds
recent_noextrapol_weights_common,Phyteuma pseudorbiculare,PP,100,landcover,0.13239614830015892,13.239614830015892,0.1323961483001589,45,5,10,270,205,5,0.9999999999999999,/auto/brno2/brno2/zbubster/diplomka/models/ESM/recent_noextrapol_weights_common/PP/100/esm_fit_bivariate.rds
recent_noextrapol_weights_common,Phyteuma pseudorbiculare,PP,100,bio12,0.11887208660208638,11.887208660208639,0.11887208660208637,45,5,10,270,205,5,0.9999999999999999,/auto/brno2/brno2/zbubster/diplomka/models/ESM/recent_noextrapol_weights_common/PP/100/esm_fit_bivariate.rds
recent_noextrapol_weights_common,Phyteuma pseudorbiculare,PP,100,bedrock,0.08822780141969501,8.8227801419695009,0.088227801419695,41,5,10,270,205,5,0.9999999999999999,/auto/brno2/brno2/zbubster/diplomka/models/ESM/recent_noextrapol_weights_common/PP/100/esm_fit_bivariate.rds
recent_noextrapol_weights_common,Phyteuma pseudorbiculare,PP,100,HLI,0.08417983420787593,8.417983420787593,0.08417983420787592,41,5,10,270,205,5,0.9999999999999999,/auto/brno2/brno2/zbubster/diplomka/models/ESM/recent_noextrapol_weights_common/PP/100/esm_fit_bivariate.rds
recent_noextrapol_weights_common,Phyteuma pseudorbiculare,PP,100,depth_to_bedrock,0.07675794823405416,7.675794823405416,0.07675794823405414,39,5,10,270,205,5,0.9999999999999999,/auto/brno2/brno2/zbubster/diplomka/models/ESM/recent_noextrapol_weights_common/PP/100/esm_fit_bivariate.rds
recent_noextrapol_weights_common,Phyteuma pseudorbiculare,PP,100,soil_water_cap,0.06405678714943089,6.405678714943089,0.06405678714943087,37,5,10,270,205,5,0.9999999999999999,/auto/brno2/brno2/zbubster/diplomka/models/ESM/recent_noextrapol_weights_common/PP/100/esm_fit_bivariate.rds
recent_noextrapol_weights_common,Phyteuma pseudorbiculare,PP,100,TWI,0.06303569494502384,6.303569494502384,0.06303569494502383,39,5,10,270,205,5,0.9999999999999999,/auto/brno2/brno2/zbubster/diplomka/models/ESM/recent_noextrapol_weights_common/PP/100/esm_fit_bivariate.rds
recent_noextrapol_weights_common,Phyteuma pseudorbiculare,PP,100,northness,0.05887311519377951,5.887311519377951,0.0588731151937795,33,5,10,270,205,5,0.9999999999999999,/auto/brno2/brno2/zbubster/diplomka/models/ESM/recent_noextrapol_weights_common/PP/100/esm_fit_bivariate.rds
recent_noextrapol_weights_common,Phyteuma pseudorbiculare,PP,1000,bio12,0.15568297422753713,15.568297422753712,0.15568297422753713,44,5,10,270,189,5,1,/auto/brno2/brno2/zbubster/diplomka/models/ESM/recent_noextrapol_weights_common/PP/1000/esm_fit_bivariate.rds
recent_noextrapol_weights_common,Phyteuma pseudorbiculare,PP,1000,bio14,0.14063331462158718,14.063331462158718,0.14063331462158718,45,5,10,270,189,5,1,/auto/brno2/brno2/zbubster/diplomka/models/ESM/recent_noextrapol_weights_common/PP/1000/esm_fit_bivariate.rds
recent_noextrapol_weights_common,Phyteuma pseudorbiculare,PP,1000,bio06,0.1374041178032975,13.740411780329751,0.1374041178032975,43,5,10,270,189,5,1,/auto/brno2/brno2/zbubster/diplomka/models/ESM/recent_noextrapol_weights_common/PP/1000/esm_fit_bivariate.rds
recent_noextrapol_weights_common,Phyteuma pseudorbiculare,PP,1000,landcover,0.11248667903424735,11.248667903424735,0.11248667903424735,41,5,10,270,189,5,1,/auto/brno2/brno2/zbubster/diplomka/models/ESM/recent_noextrapol_weights_common/PP/1000/esm_fit_bivariate.rds
recent_noextrapol_weights_common,Phyteuma pseudorbiculare,PP,1000,soil_water_cap,0.1112744330458462,11.12744330458462,0.1112744330458462,43,5,10,270,189,5,1,/auto/brno2/brno2/zbubster/diplomka/models/ESM/recent_noextrapol_weights_common/PP/1000/esm_fit_bivariate.rds
recent_noextrapol_weights_common,Phyteuma pseudorbiculare,PP,1000,bedrock,0.0798023811773948,7.98023811773948,0.0798023811773948,34,5,10,270,189,5,1,/auto/brno2/brno2/zbubster/diplomka/models/ESM/recent_noextrapol_weights_common/PP/1000/esm_fit_bivariate.rds
recent_noextrapol_weights_common,Phyteuma pseudorbiculare,PP,1000,TWI,0.07800068730607626,7.800068730607626,0.07800068730607626,37,5,10,270,189,5,1,/auto/brno2/brno2/zbubster/diplomka/models/ESM/recent_noextrapol_weights_common/PP/1000/esm_fit_bivariate.rds
recent_noextrapol_weights_common,Phyteuma pseudorbiculare,PP,1000,depth_to_bedrock,0.07618681442755396,7.6186814427553955,0.07618681442755396,35,5,10,270,189,5,1,/auto/brno2/brno2/zbubster/diplomka/models/ESM/recent_noextrapol_weights_common/PP/1000/esm_fit_bivariate.rds
recent_noextrapol_weights_common,Phyteuma pseudorbiculare,PP,1000,HLI,0.06590947510480374,6.590947510480374,0.06590947510480374,34,5,10,270,189,5,1,/auto/brno2/brno2/zbubster/diplomka/models/ESM/recent_noextrapol_weights_common/PP/1000/esm_fit_bivariate.rds
recent_noextrapol_weights_common,Phyteuma pseudorbiculare,PP,1000,northness,0.04261912325165584,4.261912325165584,0.04261912325165584,22,5,10,270,189,5,1,/auto/brno2/brno2/zbubster/diplomka/models/ESM/recent_noextrapol_weights_common/PP/1000/esm_fit_bivariate.rds
recent_noextrapol_weights_common,Phyteuma pseudorbiculare,PP,200,bio14,0.16474537771331788,16.47453777133179,0.16474537771331788,45,5,10,270,204,5,1,/auto/brno2/brno2/zbubster/diplomka/models/ESM/recent_noextrapol_weights_common/PP/200/esm_fit_bivariate.rds
recent_noextrapol_weights_common,Phyteuma pseudorbiculare,PP,200,bio06,0.14949153833292766,14.949153833292767,0.14949153833292766,45,5,10,270,204,5,1,/auto/brno2/brno2/zbubster/diplomka/models/ESM/recent_noextrapol_weights_common/PP/200/esm_fit_bivariate.rds
recent_noextrapol_weights_common,Phyteuma pseudorbiculare,PP,200,bio12,0.1292659124369766,12.926591243697661,0.1292659124369766,45,5,10,270,204,5,1,/auto/brno2/brno2/zbubster/diplomka/models/ESM/recent_noextrapol_weights_common/PP/200/esm_fit_bivariate.rds
recent_noextrapol_weights_common,Phyteuma pseudorbiculare,PP,200,landcover,0.11210366242609421,11.210366242609421,0.11210366242609421,45,5,10,270,204,5,1,/auto/brno2/brno2/zbubster/diplomka/models/ESM/recent_noextrapol_weights_common/PP/200/esm_fit_bivariate.rds
recent_noextrapol_weights_common,Phyteuma pseudorbiculare,PP,200,depth_to_bedrock,0.09893481184557078,9.893481184557078,0.09893481184557078,43,5,10,270,204,5,1,/auto/brno2/brno2/zbubster/diplomka/models/ESM/recent_noextrapol_weights_common/PP/200/esm_fit_bivariate.rds
recent_noextrapol_weights_common,Phyteuma pseudorbiculare,PP,200,bedrock,0.08305869903433599,8.3058699034336,0.08305869903433599,39,5,10,270,204,5,1,/auto/brno2/brno2/zbubster/diplomka/models/ESM/recent_noextrapol_weights_common/PP/200/esm_fit_bivariate.rds
recent_noextrapol_weights_common,Phyteuma pseudorbiculare,PP,200,TWI,0.07220748947446648,7.220748947446648,0.07220748947446648,38,5,10,270,204,5,1,/auto/brno2/brno2/zbubster/diplomka/models/ESM/recent_noextrapol_weights_common/PP/200/esm_fit_bivariate.rds
recent_noextrapol_weights_common,Phyteuma pseudorbiculare,PP,200,soil_water_cap,0.06741862018745863,6.741862018745863,0.06741862018745863,40,5,10,270,204,5,1,/auto/brno2/brno2/zbubster/diplomka/models/ESM/recent_noextrapol_weights_common/PP/200/esm_fit_bivariate.rds
recent_noextrapol_weights_common,Phyteuma pseudorbiculare,PP,200,HLI,0.06277223361721594,6.277223361721594,0.06277223361721594,35,5,10,270,204,5,1,/auto/brno2/brno2/zbubster/diplomka/models/ESM/recent_noextrapol_weights_common/PP/200/esm_fit_bivariate.rds
recent_noextrapol_weights_common,Phyteuma pseudorbiculare,PP,200,northness,0.06000165493163583,6.000165493163583,0.06000165493163583,33,5,10,270,204,5,1,/auto/brno2/brno2/zbubster/diplomka/models/ESM/recent_noextrapol_weights_common/PP/200/esm_fit_bivariate.rds
recent_noextrapol_weights_common,Phyteuma pseudorbiculare,PP,500,bio06,0.14423047592583793,14.423047592583792,0.14423047592583793,45,5,10,270,207,5,1,/auto/brno2/brno2/zbubster/diplomka/models/ESM/recent_noextrapol_weights_common/PP/500/esm_fit_bivariate.rds
recent_noextrapol_weights_common,Phyteuma pseudorbiculare,PP,500,landcover,0.12898184364549534,12.898184364549534,0.12898184364549534,44,5,10,270,207,5,1,/auto/brno2/brno2/zbubster/diplomka/models/ESM/recent_noextrapol_weights_common/PP/500/esm_fit_bivariate.rds
recent_noextrapol_weights_common,Phyteuma pseudorbiculare,PP,500,bio12,0.1146563851179457,11.46563851179457,0.1146563851179457,45,5,10,270,207,5,1,/auto/brno2/brno2/zbubster/diplomka/models/ESM/recent_noextrapol_weights_common/PP/500/esm_fit_bivariate.rds
recent_noextrapol_weights_common,Phyteuma pseudorbiculare,PP,500,soil_water_cap,0.11144478571662708,11.144478571662708,0.11144478571662708,45,5,10,270,207,5,1,/auto/brno2/brno2/zbubster/diplomka/models/ESM/recent_noextrapol_weights_common/PP/500/esm_fit_bivariate.rds
recent_noextrapol_weights_common,Phyteuma pseudorbiculare,PP,500,depth_to_bedrock,0.1080040090295998,10.80040090295998,0.1080040090295998,45,5,10,270,207,5,1,/auto/brno2/brno2/zbubster/diplomka/models/ESM/recent_noextrapol_weights_common/PP/500/esm_fit_bivariate.rds
recent_noextrapol_weights_common,Phyteuma pseudorbiculare,PP,500,bio14,0.10686320266154686,10.686320266154686,0.10686320266154686,45,5,10,270,207,5,1,/auto/brno2/brno2/zbubster/diplomka/models/ESM/recent_noextrapol_weights_common/PP/500/esm_fit_bivariate.rds
recent_noextrapol_weights_common,Phyteuma pseudorbiculare,PP,500,HLI,0.09164929801064482,9.164929801064483,0.09164929801064482,41,5,10,270,207,5,1,/auto/brno2/brno2/zbubster/diplomka/models/ESM/recent_noextrapol_weights_common/PP/500/esm_fit_bivariate.rds
recent_noextrapol_weights_common,Phyteuma pseudorbiculare,PP,500,bedrock,0.08272965229825138,8.272965229825138,0.08272965229825138,36,5,10,270,207,5,1,/auto/brno2/brno2/zbubster/diplomka/models/ESM/recent_noextrapol_weights_common/PP/500/esm_fit_bivariate.rds
recent_noextrapol_weights_common,Phyteuma pseudorbiculare,PP,500,TWI,0.061486378687068154,6.148637868706816,0.061486378687068154,36,5,10,270,207,5,1,/auto/brno2/brno2/zbubster/diplomka/models/ESM/recent_noextrapol_weights_common/PP/500/esm_fit_bivariate.rds
recent_noextrapol_weights_common,Phyteuma pseudorbiculare,PP,500,northness,0.049953968906982955,4.995396890698296,0.049953968906982955,32,5,10,270,207,5,1,/auto/brno2/brno2/zbubster/diplomka/models/ESM/recent_noextrapol_weights_common/PP/500/esm_fit_bivariate.rds
recent_noextrapol_weights_common,Saxifraga blavii,SB,100,bio06,0.1695648224828442,16.95648224828442,0.1695648224828442,45,5,10,270,210,5,1,/auto/brno2/brno2/zbubster/diplomka/models/ESM/recent_noextrapol_weights_common/SB/100/esm_fit_bivariate.rds
recent_noextrapol_weights_common,Saxifraga blavii,SB,100,landcover,0.14800873583539087,14.800873583539087,0.14800873583539087,45,5,10,270,210,5,1,/auto/brno2/brno2/zbubster/diplomka/models/ESM/recent_noextrapol_weights_common/SB/100/esm_fit_bivariate.rds
recent_noextrapol_weights_common,Saxifraga blavii,SB,100,bio12,0.11942750380342837,11.942750380342837,0.11942750380342837,45,5,10,270,210,5,1,/auto/brno2/brno2/zbubster/diplomka/models/ESM/recent_noextrapol_weights_common/SB/100/esm_fit_bivariate.rds
recent_noextrapol_weights_common,Saxifraga blavii,SB,100,bedrock,0.09959392048232796,9.959392048232797,0.09959392048232796,45,5,10,270,210,5,1,/auto/brno2/brno2/zbubster/diplomka/models/ESM/recent_noextrapol_weights_common/SB/100/esm_fit_bivariate.rds
recent_noextrapol_weights_common,Saxifraga blavii,SB,100,soil_water_cap,0.09049407684878757,9.049407684878757,0.09049407684878757,43,5,10,270,210,5,1,/auto/brno2/brno2/zbubster/diplomka/models/ESM/recent_noextrapol_weights_common/SB/100/esm_fit_bivariate.rds
recent_noextrapol_weights_common,Saxifraga blavii,SB,100,HLI,0.08918662254164252,8.918662254164252,0.08918662254164252,40,5,10,270,210,5,1,/auto/brno2/brno2/zbubster/diplomka/models/ESM/recent_noextrapol_weights_common/SB/100/esm_fit_bivariate.rds
recent_noextrapol_weights_common,Saxifraga blavii,SB,100,depth_to_bedrock,0.0795734493700471,7.957344937004709,0.0795734493700471,41,5,10,270,210,5,1,/auto/brno2/brno2/zbubster/diplomka/models/ESM/recent_noextrapol_weights_common/SB/100/esm_fit_bivariate.rds
recent_noextrapol_weights_common,Saxifraga blavii,SB,100,TWI,0.07171352784714573,7.171352784714573,0.07171352784714573,36,5,10,270,210,5,1,/auto/brno2/brno2/zbubster/diplomka/models/ESM/recent_noextrapol_weights_common/SB/100/esm_fit_bivariate.rds
recent_noextrapol_weights_common,Saxifraga blavii,SB,100,northness,0.06919597315804915,6.919597315804915,0.06919597315804915,39,5,10,270,210,5,1,/auto/brno2/brno2/zbubster/diplomka/models/ESM/recent_noextrapol_weights_common/SB/100/esm_fit_bivariate.rds
recent_noextrapol_weights_common,Saxifraga blavii,SB,100,bio14,0.06324136763033657,6.324136763033657,0.06324136763033657,41,5,10,270,210,5,1,/auto/brno2/brno2/zbubster/diplomka/models/ESM/recent_noextrapol_weights_common/SB/100/esm_fit_bivariate.rds
recent_noextrapol_weights_common,Saxifraga blavii,SB,1000,bio06,0.1809961756933572,18.09961756933572,0.18099617569335716,45,5,10,270,213,5,0.9999999999999999,/auto/brno2/brno2/zbubster/diplomka/models/ESM/recent_noextrapol_weights_common/SB/1000/esm_fit_bivariate.rds
recent_noextrapol_weights_common,Saxifraga blavii,SB,1000,landcover,0.1412748909726735,14.12748909726735,0.14127489097267348,45,5,10,270,213,5,0.9999999999999999,/auto/brno2/brno2/zbubster/diplomka/models/ESM/recent_noextrapol_weights_common/SB/1000/esm_fit_bivariate.rds
recent_noextrapol_weights_common,Saxifraga blavii,SB,1000,bio12,0.11433171870467458,11.433171870467458,0.11433171870467457,45,5,10,270,213,5,0.9999999999999999,/auto/brno2/brno2/zbubster/diplomka/models/ESM/recent_noextrapol_weights_common/SB/1000/esm_fit_bivariate.rds
recent_noextrapol_weights_common,Saxifraga blavii,SB,1000,bedrock,0.1103959224953202,11.039592249532019,0.11039592249532018,45,5,10,270,213,5,0.9999999999999999,/auto/brno2/brno2/zbubster/diplomka/models/ESM/recent_noextrapol_weights_common/SB/1000/esm_fit_bivariate.rds
recent_noextrapol_weights_common,Saxifraga blavii,SB,1000,bio14,0.10491116134775448,10.491116134775448,0.10491116134775447,45,5,10,270,213,5,0.9999999999999999,/auto/brno2/brno2/zbubster/diplomka/models/ESM/recent_noextrapol_weights_common/SB/1000/esm_fit_bivariate.rds
recent_noextrapol_weights_common,Saxifraga blavii,SB,1000,soil_water_cap,0.08009189106324485,8.009189106324484,0.08009189106324484,43,5,10,270,213,5,0.9999999999999999,/auto/brno2/brno2/zbubster/diplomka/models/ESM/recent_noextrapol_weights_common/SB/1000/esm_fit_bivariate.rds
recent_noextrapol_weights_common,Saxifraga blavii,SB,1000,depth_to_bedrock,0.07471050446119418,7.471050446119418,0.07471050446119416,44,5,10,270,213,5,0.9999999999999999,/auto/brno2/brno2/zbubster/diplomka/models/ESM/recent_noextrapol_weights_common/SB/1000/esm_fit_bivariate.rds
recent_noextrapol_weights_common,Saxifraga blavii,SB,1000,TWI,0.06814608250681031,6.814608250681031,0.0681460825068103,39,5,10,270,213,5,0.9999999999999999,/auto/brno2/brno2/zbubster/diplomka/models/ESM/recent_noextrapol_weights_common/SB/1000/esm_fit_bivariate.rds
recent_noextrapol_weights_common,Saxifraga blavii,SB,1000,HLI,0.06449446509617687,6.449446509617688,0.06449446509617686,37,5,10,270,213,5,0.9999999999999999,/auto/brno2/brno2/zbubster/diplomka/models/ESM/recent_noextrapol_weights_common/SB/1000/esm_fit_bivariate.rds
recent_noextrapol_weights_common,Saxifraga blavii,SB,1000,northness,0.060647187658793913,6.064718765879391,0.06064718765879391,38,5,10,270,213,5,0.9999999999999999,/auto/brno2/brno2/zbubster/diplomka/models/ESM/recent_noextrapol_weights_common/SB/1000/esm_fit_bivariate.rds
recent_noextrapol_weights_common,Saxifraga blavii,SB,200,bio06,0.18540456328487803,18.540456328487803,0.18540456328487803,45,5,10,270,203,5,1,/auto/brno2/brno2/zbubster/diplomka/models/ESM/recent_noextrapol_weights_common/SB/200/esm_fit_bivariate.rds
recent_noextrapol_weights_common,Saxifraga blavii,SB,200,landcover,0.13512726189475918,13.512726189475918,0.13512726189475918,45,5,10,270,203,5,1,/auto/brno2/brno2/zbubster/diplomka/models/ESM/recent_noextrapol_weights_common/SB/200/esm_fit_bivariate.rds
recent_noextrapol_weights_common,Saxifraga blavii,SB,200,bio12,0.1317102946864594,13.171029468645939,0.1317102946864594,45,5,10,270,203,5,1,/auto/brno2/brno2/zbubster/diplomka/models/ESM/recent_noextrapol_weights_common/SB/200/esm_fit_bivariate.rds
recent_noextrapol_weights_common,Saxifraga blavii,SB,200,bio14,0.10047911164911694,10.047911164911694,0.10047911164911694,45,5,10,270,203,5,1,/auto/brno2/brno2/zbubster/diplomka/models/ESM/recent_noextrapol_weights_common/SB/200/esm_fit_bivariate.rds
recent_noextrapol_weights_common,Saxifraga blavii,SB,200,soil_water_cap,0.09913253645060655,9.913253645060655,0.09913253645060655,44,5,10,270,203,5,1,/auto/brno2/brno2/zbubster/diplomka/models/ESM/recent_noextrapol_weights_common/SB/200/esm_fit_bivariate.rds
recent_noextrapol_weights_common,Saxifraga blavii,SB,200,bedrock,0.08194255352377405,8.194255352377406,0.08194255352377405,38,5,10,270,203,5,1,/auto/brno2/brno2/zbubster/diplomka/models/ESM/recent_noextrapol_weights_common/SB/200/esm_fit_bivariate.rds
recent_noextrapol_weights_common,Saxifraga blavii,SB,200,depth_to_bedrock,0.0755623790855244,7.556237908552441,0.0755623790855244,38,5,10,270,203,5,1,/auto/brno2/brno2/zbubster/diplomka/models/ESM/recent_noextrapol_weights_common/SB/200/esm_fit_bivariate.rds
recent_noextrapol_weights_common,Saxifraga blavii,SB,200,HLI,0.06492530161854482,6.492530161854482,0.06492530161854482,37,5,10,270,203,5,1,/auto/brno2/brno2/zbubster/diplomka/models/ESM/recent_noextrapol_weights_common/SB/200/esm_fit_bivariate.rds
recent_noextrapol_weights_common,Saxifraga blavii,SB,200,TWI,0.06364911922781152,6.364911922781152,0.06364911922781152,37,5,10,270,203,5,1,/auto/brno2/brno2/zbubster/diplomka/models/ESM/recent_noextrapol_weights_common/SB/200/esm_fit_bivariate.rds
recent_noextrapol_weights_common,Saxifraga blavii,SB,200,northness,0.06206687857852516,6.206687857852516,0.06206687857852516,32,5,10,270,203,5,1,/auto/brno2/brno2/zbubster/diplomka/models/ESM/recent_noextrapol_weights_common/SB/200/esm_fit_bivariate.rds
recent_noextrapol_weights_common,Saxifraga blavii,SB,500,bio06,0.1664077162802829,16.64077162802829,0.1664077162802829,45,5,10,270,221,5,1,/auto/brno2/brno2/zbubster/diplomka/models/ESM/recent_noextrapol_weights_common/SB/500/esm_fit_bivariate.rds
recent_noextrapol_weights_common,Saxifraga blavii,SB,500,landcover,0.14539853731342461,14.539853731342461,0.14539853731342461,45,5,10,270,221,5,1,/auto/brno2/brno2/zbubster/diplomka/models/ESM/recent_noextrapol_weights_common/SB/500/esm_fit_bivariate.rds
recent_noextrapol_weights_common,Saxifraga blavii,SB,500,bio12,0.12182607294927367,12.182607294927367,0.12182607294927367,45,5,10,270,221,5,1,/auto/brno2/brno2/zbubster/diplomka/models/ESM/recent_noextrapol_weights_common/SB/500/esm_fit_bivariate.rds
recent_noextrapol_weights_common,Saxifraga blavii,SB,500,bedrock,0.09419659749252059,9.419659749252059,0.09419659749252059,45,5,10,270,221,5,1,/auto/brno2/brno2/zbubster/diplomka/models/ESM/recent_noextrapol_weights_common/SB/500/esm_fit_bivariate.rds
recent_noextrapol_weights_common,Saxifraga blavii,SB,500,bio14,0.0935967593833184,9.35967593833184,0.0935967593833184,45,5,10,270,221,5,1,/auto/brno2/brno2/zbubster/diplomka/models/ESM/recent_noextrapol_weights_common/SB/500/esm_fit_bivariate.rds
recent_noextrapol_weights_common,Saxifraga blavii,SB,500,HLI,0.08168366060296292,8.168366060296291,0.08168366060296292,42,5,10,270,221,5,1,/auto/brno2/brno2/zbubster/diplomka/models/ESM/recent_noextrapol_weights_common/SB/500/esm_fit_bivariate.rds
recent_noextrapol_weights_common,Saxifraga blavii,SB,500,soil_water_cap,0.07965783264283306,7.965783264283306,0.07965783264283306,44,5,10,270,221,5,1,/auto/brno2/brno2/zbubster/diplomka/models/ESM/recent_noextrapol_weights_common/SB/500/esm_fit_bivariate.rds
recent_noextrapol_weights_common,Saxifraga blavii,SB,500,depth_to_bedrock,0.07418823497684311,7.418823497684311,0.07418823497684311,44,5,10,270,221,5,1,/auto/brno2/brno2/zbubster/diplomka/models/ESM/recent_noextrapol_weights_common/SB/500/esm_fit_bivariate.rds
recent_noextrapol_weights_common,Saxifraga blavii,SB,500,northness,0.07315620315849461,7.315620315849461,0.07315620315849461,44,5,10,270,221,5,1,/auto/brno2/brno2/zbubster/diplomka/models/ESM/recent_noextrapol_weights_common/SB/500/esm_fit_bivariate.rds
recent_noextrapol_weights_common,Saxifraga blavii,SB,500,TWI,0.06988838520004613,6.988838520004613,0.06988838520004613,43,5,10,270,221,5,1,/auto/brno2/brno2/zbubster/diplomka/models/ESM/recent_noextrapol_weights_common/SB/500/esm_fit_bivariate.rds
